-4.102066907523436168e-01,1.166113711046431467e-01,-8.928194796769797770e-02,-5.363754910391493880e-02,-4.720518453301190964e-02,-3.862283489111106860e-02,-4.985217869277386304e-02,-9.805244957700631758e-03,2.316491168675249845e-02,4.200473176403596298e-03,-8.023062476507525353e-03,-2.731217012842374059e-03,-2.840653148244887127e-03,-9.132755071609210962e-03,2.530070113172522284e-02,-6.745875509028331773e-03,5.813925642768169588e-03,1.601549572500027274e-03,-1.276170987414282365e-03,-2.333464018088315939e-04,1.054786473003971325e-03,2.301421916304724480e-03,-4.749234858818729421e-03,9.242244178490066631e-04,1.458781735517500344e-03,1.869790227956968920e-03,2.630258375185823283e-03,9.227233357624320398e-04,-9.960001927850153924e-03,4.395886236766149979e-03,3.816188751721849570e-04,-6.331363485271301883e-04,1.000000000000000000e+00
4.614042772693114358e-01,-7.873416679509609439e-02,-4.540424499340006692e-02,-1.214602839948690782e-01,-4.702676226180750596e-02,-3.207702512608051615e-02,-8.544151474134731306e-03,-1.167913665568022508e-02,-8.587945636310712061e-03,8.213331201406992577e-03,-2.228279609130173755e-02,-1.017738734088705077e-02,-8.299770794084615488e-03,-6.636565307384323376e-03,1.672661364514049787e-03,-4.843490040874642855e-03,5.414684405005476542e-03,4.624498703534873911e-03,-4.868623641594016505e-04,8.059030620515161836e-03,2.799941227701635560e-03,2.436398238279402495e-03,-2.438085050333604897e-03,-6.636655854068140847e-04,3.787491785674168554e-03,7.875710618427955723e-04,6.223325274721802636e-03,3.790614953073367932e-03,2.645959221224958302e-04,1.384658587022746801e-03,9.279041777169316774e-04,1.200492876003211862e-03,1.000000000000000000e+00
-2.541122860040989639e-01,2.604034205559048187e-01,-1.400728326009363089e-01,4.444347419863342585e-02,-7.820166536333209018e-02,8.496310838500886753e-03,8.299296861128624414e-03,5.505748479774585924e-03,-1.574443251796875387e-02,1.960542484840455124e-02,-1.381555835970010859e-02,-2.984453726841890253e-03,-8.110848343346077627e-03,-1.976870179137835137e-04,6.514199804897591317e-04,-4.371281181859476561e-03,5.801221062640360415e-03,1.814440351602608636e-03,-7.703886884954380676e-04,-4.783673387186437864e-04,1.239652142861258355e-03,1.874081267053073763e-03,-2.922031941329783500e-03,-8.344203088775370425e-04,3.781053124139510668e-03,1.590102635253831664e-04,8.434443865965091103e-03,2.283174323916004056e-04,-6.461454956432355345e-04,2.699093219132225885e-03,3.828160807279878952e-04,-5.969170898215692134e-04,1.000000000000000000e+00
4.307628282181764634e-01,-2.694300067855753822e-01,-1.119796312213067191e-02,-1.525918085860203388e-02,2.349094994376846324e-02,-1.717311571368068668e-02,-4.154362376440184912e-02,2.419100982046856751e-02,-1.030195062909111670e-02,1.304959675199868219e-02,-1.544311605653991837e-02,2.678382713709195895e-02,3.675534377167721800e-03,-1.736847786241646485e-02,-1.591581796146795957e-03,5.249145441971803105e-03,4.437191580090038556e-03,-2.001540580198302166e-03,-2.363744644616971868e-03,3.159986973283679390e-03,-2.273334591349457368e-03,3.141688400046804830e-03,-3.368507127634035037e-03,-2.975320559544858412e-03,6.300986125115648484e-04,-2.675847072547976602e-03,5.730391426143732758e-03,-6.024101736895604020e-04,8.028566987358654039e-05,1.045324442398770648e-03,5.598318185329742569e-03,6.404689419861053779e-04,1.000000000000000000e+00
4.880603453269625192e-01,-1.421997083330598932e-01,-4.971507996589824563e-02,-9.133966699974854775e-02,1.752167448143299167e-03,-3.059717091864805338e-02,-8.198790052807991557e-03,3.520684279203656342e-03,-2.470880978304723641e-04,2.712789105276769419e-02,-2.274509626375448290e-02,-5.084615294864203161e-03,1.540858679080492344e-03,-2.976676496468932953e-05,3.143424770748581842e-03,-9.459266504575958301e-03,-7.066103502438858541e-04,7.711733636588391505e-03,-2.851904896433721248e-04,-6.491553259858284797e-03,1.579069503348795589e-03,3.777605257509364378e-03,-1.135999248820240837e-03,1.197915784683645235e-04,2.120898008377558597e-03,9.602325696813629463e-04,6.402715099305511526e-03,1.116266953608169299e-03,1.123774924862430691e-03,6.543352395012275169e-03,-1.416393386014513922e-04,3.976112806670650812e-04,1.000000000000000000e+00
-3.252490590494362399e-01,-2.155058897221056036e-01,1.039733089003435224e-01,-1.067374092954702092e-01,-4.520047790550954514e-02,4.169588345587504907e-03,4.066349466404883817e-02,1.003602084523279314e-02,1.762712586884207511e-02,-3.799593241637810870e-03,-6.718028218292093623e-03,1.752501799506228641e-03,-1.038249182802974957e-02,1.873946347712374116e-03,-3.970856875747108550e-03,-1.057649279431416289e-02,5.347003548197171163e-03,6.614460643101505166e-03,-7.719898152407589365e-03,1.276581113371921816e-03,-5.265381784649164620e-03,-6.601304313680667057e-03,-3.175493738757945161e-03,3.705696933449742492e-03,-5.906202018757800154e-03,7.825765231264991684e-03,8.645828751322387484e-03,1.919936951915168777e-04,2.209813571662694320e-03,8.859423019069168070e-04,4.414386246259782709e-04,-5.642679954843687895e-04,1.000000000000000000e+00
3.952495611308646795e-01,-2.598431584525557891e-01,-2.880982814196919595e-02,-4.429131056503438080e-02,-4.273191006108469081e-02,-5.867937327837069450e-02,-1.893041894423852511e-02,1.327676693786702944e-02,-6.137172055703521423e-03,1.668765723667975376e-02,-8.677902148779947922e-03,4.605871166631525515e-03,-6.345044460379090090e-03,4.122321948432483563e-03,4.645330480769954695e-03,-8.099141206672766380e-03,1.663640391361065340e-02,1.052722456724775046e-03,-6.095138353642282070e-04,-2.420511201762898246e-03,7.214327976181544866e-03,-2.034273649771989323e-03,-2.099653003552970354e-03,4.595315600964267055e-03,6.554893370938508212e-03,1.539897943921952894e-03,6.173262116357630669e-03,1.465599450520105318e-03,6.007799196899865635e-04,3.701683871228766964e-03,2.901430983374253536e-03,4.679904174144100537e-04,1.000000000000000000e+00
-2.399213535713166090e-01,2.759754457913133341e-01,-1.402326645051507337e-01,5.212262531045580571e-02,-7.633226529252448711e-02,1.036666940528119252e-02,1.354387896884740039e-02,5.458303185642637834e-03,-1.780308468977348513e-02,1.870708266898069017e-02,-1.203464098737991317e-02,-3.740415377705114119e-03,-6.760279191969309487e-03,1.060206387500484126e-03,-8.556462829441557894e-04,-3.515943442794822182e-03,5.638414225875520991e-03,1.366697297727481608e-03,3.145910069858537383e-03,2.594098016872603552e-05,4.385102759990600063e-05,4.452549419047824308e-04,-2.535050042190289954e-04,3.848653588860440067e-04,1.571609726488842895e-03,1.107340906971288064e-03,-9.216356163205319252e-03,1.969202917814549814e-03,5.879608216363241269e-03,2.416049779056628211e-03,5.990852708708249708e-04,-7.330606609687873032e-04,1.000000000000000000e+00
4.589518185029954345e-01,-1.282095391727008926e-01,-5.254004435447315324e-02,-1.081869031826604433e-01,-3.963306496882854080e-02,-4.458341343754296249e-02,-3.101042223014660593e-03,-1.792348035657476135e-03,-4.258629736635100027e-03,1.229675540118735366e-02,-2.429998379865061509e-02,-1.267690698774767699e-02,-7.261254350880985697e-03,-1.426914136961610069e-03,3.388046134902122919e-03,-3.408919009522226595e-03,5.573155537638374568e-03,3.241847449193535624e-03,-1.346679954769558485e-03,6.312678048829845068e-03,-4.630774890062305804e-04,3.217224682874997299e-03,-3.002919556288480285e-03,-2.082367866788836785e-03,4.512047675547026238e-03,1.200959400085466200e-03,5.876174799458511178e-03,3.368313099523179144e-03,-4.717899675205083909e-05,-2.716646508213182987e-04,-2.654486883689743948e-04,1.432577193704043239e-03,1.000000000000000000e+00
2.527309129819581557e-01,-3.706654889524468866e-01,5.137636918949949061e-02,3.023548688499821946e-02,-3.339906825788976907e-02,-5.793479685089197861e-03,-6.180780869529339805e-02,-3.427831085600033245e-03,-1.613218467165689063e-02,-1.390479168448699454e-03,-1.901904919591912435e-02,-1.522776507772910515e-02,-1.673060973998519163e-02,3.094974923475213302e-03,5.398420671516107605e-03,-8.197239207959117202e-03,1.464815194579305313e-03,7.691486771774780351e-04,-1.124968727854280814e-03,-2.070290632834592692e-03,5.666269625297093437e-04,3.540768976043939809e-03,-2.158446668195784790e-03,-2.301385213194839796e-03,1.344812703880593485e-03,-4.926860780321007383e-04,5.855544891895964055e-03,-6.171036620101211234e-04,3.049462549283565860e-04,1.694181009826128959e-03,1.163414436386678297e-03,-1.713021053732610710e-03,1.000000000000000000e+00
3.189657693846619235e-01,3.249646181393908706e-01,5.664060398377289418e-02,-5.572309691559501621e-03,-2.543026068748294177e-02,-7.192393978824784817e-02,1.700222855777033804e-03,-1.734811318567289207e-02,-1.213866753701697832e-02,3.344366058869341352e-03,-2.015731488700400753e-02,5.304537550786248001e-04,-1.053289510052901612e-03,8.461652574781597380e-05,3.573727447621577458e-03,-9.697276718478531343e-03,6.980702563101126579e-03,-4.739764471961560588e-04,-1.417725920389578675e-03,-7.040350664553329807e-04,-1.664295158651518669e-04,2.929564283423280457e-03,-2.360359018635044270e-03,-6.555293035295228776e-04,3.545752881094821340e-03,8.251801248199130967e-04,6.640837746873018421e-03,3.077540260295552610e-03,2.162086285427133880e-04,3.525487419342693274e-03,1.733975279467281361e-03,-3.258391342577660055e-03,1.000000000000000000e+00
4.894475340525832330e-01,-4.053062167946125394e-02,-3.937621386467189677e-02,-1.240504973078886963e-01,-2.467636179829570120e-02,-1.440409095995914823e-02,-1.306461769086930680e-02,-1.920696439647191778e-02,-7.794952336948435256e-03,1.869710720930439773e-02,-1.552843216175375796e-02,-6.672121344718423552e-03,-7.693491264996965562e-03,-5.350810005526951407e-03,1.486301302940112867e-03,-1.261244336935374299e-02,4.071283832092653654e-03,2.028840178728841259e-03,-9.797104716247062584e-05,7.170195194942219352e-03,5.805443726329878595e-03,1.081008546291672978e-03,-2.428279547413814132e-03,-8.183704298977967362e-04,2.049723755779664369e-03,5.727113187703469777e-05,6.390461803457703205e-03,1.117670432247142021e-03,1.051876633761772428e-03,5.682108097194327190e-03,1.806514771439893252e-03,-1.912340556468272723e-03,1.000000000000000000e+00
-4.575129397743331050e-01,6.052692307794815818e-03,-2.440597747720536781e-02,-1.124552552191716015e-01,-2.951072231223489384e-02,-5.500285033153062830e-02,-4.973604669515802046e-02,-5.423209536730991265e-03,1.380280296223890257e-03,7.256700128807969108e-03,-4.769236667989118494e-03,-8.401622686925208638e-03,1.030367408815235919e-04,4.358876513727016899e-04,-4.092568236324201081e-03,-2.774822703830948090e-03,5.998527858502855636e-03,-8.981015513254142490e-04,1.259116654851932804e-02,-7.001071506498313113e-04,-9.516285692147685715e-04,6.299606169863913863e-04,-9.064661123465433956e-04,-1.639968572493488708e-03,5.097325907364891329e-03,-5.784398709368643310e-04,1.061429117226458940e-02,1.300135905074606413e-05,6.439421077648638247e-03,1.511480153490840639e-03,4.416138016366533137e-04,-6.058850404820903535e-04,1.000000000000000000e+00
3.058784393854444561e-01,3.322997854743070523e-01,5.292048297452667249e-02,1.868408983571351323e-03,-2.224081480732234550e-02,-7.353305904266077553e-02,6.034160994865644945e-03,-2.161001587212035835e-02,-1.437524384244304176e-02,3.031667727537712409e-04,-2.095290935513005603e-02,2.771129760892693250e-03,1.612544625193446102e-03,3.299202674059142915e-03,4.404007941844340079e-03,-1.000219146205161280e-02,6.057235601039323569e-03,-1.235184995679761144e-03,-1.485591419769449750e-03,6.773650995900437621e-04,-8.272559331925360970e-04,4.595264620392114363e-03,-5.209605703686559508e-04,2.248183058818242763e-03,3.359131489105549040e-03,2.503123765930093114e-04,6.691698551449576371e-03,2.311034930258304421e-03,1.991851067858207980e-04,3.064658722880392316e-03,1.578466854691096266e-03,-3.302706965392032679e-03,1.000000000000000000e+00
-4.181654698578232687e-01,-8.479588335764121076e-02,3.914287519260288561e-02,-1.334621315485610693e-01,-3.301383020163417559e-02,-4.299316535670982820e-02,-1.121410349934387485e-02,7.910988195103607623e-03,-3.119063947374711709e-02,1.662471946628230057e-02,-5.610402806834891010e-03,-1.049373127591246568e-02,1.631236429786575570e-04,-2.864310892652599527e-03,4.859113331793840640e-03,-4.276294268890756811e-03,5.943249564730579415e-03,2.728330789271704582e-04,-1.177915690852904262e-03,-8.159144574471088873e-04,3.018805746800939938e-03,7.001194541370325819e-03,-1.105073392927957698e-02,2.537781560509433376e-03,2.761063576008304654e-03,7.131249364581426775e-04,5.466652966680307646e-03,4.434662968101910074e-04,1.644979115339562092e-03,2.472029309962986421e-03,3.215748575950971855e-04,-6.806105587819910596e-04,1.000000000000000000e+00
4.584161811216910243e-01,-1.931653669085040548e-01,-5.093840928932369394e-02,-7.854436804946962614e-02,-1.610014144875474007e-02,-4.837625266901546262e-02,-6.602795839051711635e-03,1.285981376950733057e-02,-1.661843267680707115e-04,2.142442407570543939e-02,-2.285505145555871698e-02,-6.044134477345197709e-03,-9.540149240496731409e-04,4.870602766496479052e-03,5.096883858530187883e-03,-4.903708644669269034e-03,1.030081340099564535e-02,4.720347506704025697e-03,-1.513073451214763665e-03,-5.160144987464310162e-03,-1.091155437380142423e-03,3.723562064751106959e-03,-1.903035761342375398e-03,-9.300398820826227819e-04,4.162024595360913626e-03,2.288896441199450571e-03,5.654114949440319782e-03,-3.234056621946590493e-03,8.662685334295538997e-04,5.259590258731766665e-03,1.372169202460971071e-03,-1.468578133329456747e-03,1.000000000000000000e+00
4.901963189347470218e-01,-1.110808411016189767e-01,-4.986590591495596025e-02,-1.047983931731537588e-01,-7.398232750202349273e-03,-2.748368891492686261e-02,-7.062702866501291421e-03,-4.086059662888247290e-03,-1.839899330023597734e-03,2.468529540586195115e-02,-2.207879683456559494e-02,-8.316028500847005844e-03,-1.519743781125737492e-03,-1.366457262860998334e-03,2.731990966422070954e-03,-1.069473000257425976e-02,-5.442245058673300662e-04,6.719040089619432443e-03,-9.189065614978453311e-05,-1.034047764583156948e-03,2.906321623243057761e-03,3.250035896231850963e-03,-1.543660746779029758e-03,-4.788544402136163392e-04,2.159713725512601989e-03,8.933640143952148449e-04,6.506612759432039983e-03,2.577352151808542935e-03,1.037131266439311750e-03,5.747184940900595951e-03,-1.871845590247778190e-04,3.186073015430945787e-04,1.000000000000000000e+00
-2.587820283623307183e-01,-2.410249574374849768e-01,1.111342942453240473e-01,-9.437751561822760316e-02,-5.615429022755560884e-02,6.223477886098838230e-03,4.085141444160483859e-02,2.857347722912698118e-03,2.193200338145251393e-02,3.850454427784866240e-03,-2.052343475254087002e-02,9.251317922770369018e-03,-1.685663026529493624e-02,2.348046744792942064e-03,-4.845207381732330454e-04,-8.984943255716082433e-03,5.901338716469028967e-03,3.474073933295629413e-03,2.014096798323539161e-03,-9.241017824812569614e-05,7.355856764923174307e-04,4.518119903578476926e-03,-6.076344977906489309e-03,1.013619246230113013e-04,6.062626478386401452e-03,-2.507496703479605848e-03,4.986897220261354846e-03,6.538061361511249281e-04,9.108561575571494373e-06,3.684225271908869725e-03,3.603068649098428722e-04,-6.619476122138312491e-04,1.000000000000000000e+00
4.782684010509546946e-01,2.104503688320707999e-02,-2.300275847578261978e-02,-1.312358250095203016e-01,-4.228587841431415140e-02,-6.223754536992476272e-03,-2.262166498931900138e-02,-2.254199108922030903e-02,-1.183440889474868252e-02,1.378081115214468966e-02,-1.009873012892031907e-02,-1.135713553704786882e-03,-9.522493724794189873e-03,-3.444671195181436829e-03,2.281417959434206555e-03,-9.909139298280800201e-03,1.109862278535012070e-02,-6.781457348842279131e-04,-1.128070794598867721e-03,1.803944384969335957e-03,2.249245078581763035e-03,1.974435170752353308e-03,-2.422222557738884507e-03,-1.167844790576633152e-03,1.658224797280782870e-03,-7.784784389470722488e-04,5.928743754536003330e-03,-1.479990911110951046e-03,7.450004347046013109e-04,4.538049785277303849e-03,3.968192087141497737e-04,-1.057995972912451066e-03,1.000000000000000000e+00
4.025327171226796841e-01,2.768973825961511537e-01,5.857151501648741321e-02,-4.066365968513652174e-02,-2.446621964294445895e-02,-5.185251905017668195e-02,-1.449386906046684631e-02,-7.987755699606247095e-03,-4.004658562483942585e-03,2.102494344625793765e-02,-4.580942984895308712e-03,-3.858082996581746471e-03,-1.675544034250908698e-02,-5.170131486326168258e-04,4.929819968644166828e-03,7.548603639715212310e-03,4.490080093286663576e-03,8.890448766820047144e-03,-1.187333328561579471e-03,-1.681889072363551563e-03,5.066429967726937544e-03,-2.702645409839443680e-03,-6.625021921479373743e-03,-6.269128399742418534e-03,3.929030425157575834e-03,8.787948190089878153e-04,5.399625783379935484e-03,-4.990025495131278355e-04,7.591563219988828326e-04,2.948276603825739084e-03,7.655941267781241066e-05,3.986451106318122939e-04,1.000000000000000000e+00
4.137017180364129243e-01,2.453421199552859311e-01,5.369672287913082598e-02,-6.509813251716656257e-02,-4.198025005111065411e-02,-3.854236204768241025e-02,-2.788364778323448867e-02,4.688997577394299343e-03,-5.138182116849465686e-04,2.694007042406232344e-02,-4.103314016028258848e-03,-6.665140199624774997e-03,-1.862227205778266281e-02,-2.327094631087434085e-03,3.941466967346596295e-03,5.492734969225865349e-03,5.654910399473966898e-03,6.527910606418774186e-03,-1.341211839756883961e-03,-2.689052701166927406e-04,1.510607161522292685e-03,2.940141872980084337e-03,-1.630932894576969661e-03,6.752795371560149640e-04,3.318593381447909607e-03,2.697896595895699079e-04,6.384650312038442355e-03,2.646187628871699005e-03,6.247281876377019927e-04,3.048762294325380040e-03,1.982836014187250306e-03,-3.798188652674783228e-03,1.000000000000000000e+00
3.246245747814163751e-01,-3.476397350014783783e-01,2.540197377285326186e-02,1.955145836081356725e-02,-1.614603049945635693e-02,-1.482458562026939264e-02,-5.835218328147928624e-02,1.014454345558146731e-02,-1.680889080265335345e-02,6.471883022860502876e-04,-1.483263529530765013e-02,1.594430788718487202e-03,-1.169840808278921340e-02,-3.476419795079899178e-03,3.466098578158188781e-03,-5.457152797398667765e-03,7.020401197949777128e-03,1.131334591888299990e-03,-9.624952576157141948e-04,2.277962864289828637e-03,2.168059553813161955e-03,2.401024924127526106e-03,-1.952866980545947539e-03,-4.632091633756663107e-04,6.264162355489821810e-03,4.238032673275493600e-03,6.038265748932764021e-03,2.101186863719239906e-03,8.314798317641258762e-04,4.135654224426799086e-03,-1.164184648123478549e-02,-5.103462281706883097e-03,1.000000000000000000e+00
-4.432148327548948163e-01,6.876877192281438678e-02,-6.476475477080656518e-02,-8.216747722330802750e-02,-3.731551546445718848e-02,-4.944175755648105852e-02,-5.732080106553971710e-02,-1.069738031382491683e-02,2.170211722682047206e-02,2.850767838503909246e-03,-5.806326543807249774e-03,-4.724645095596446964e-03,-9.908134858213069052e-04,-6.421841769719882631e-03,1.701743671807998126e-02,-5.295306467521299076e-03,5.898836306408861141e-03,3.983376377547087621e-04,6.689698083645501114e-03,-3.110240759279792044e-04,-6.078978869092921400e-04,5.484651486515890184e-04,-1.811009063922924822e-03,-3.488893066402320997e-04,2.878990995347607829e-03,8.326356407099000378e-04,5.732051468741672373e-03,5.725574556441070939e-04,9.422199189263458230e-04,2.437246063021869524e-03,4.949881748208539989e-04,-6.192735983654440446e-04,1.000000000000000000e+00
3.376690323863229537e-01,-3.070037089615204606e-01,7.701258656615805887e-04,-1.299556958104494675e-02,-5.016268813424312745e-02,-4.700173729755058316e-02,-3.580737133108685688e-02,5.425943235585484192e-03,-1.097835519763890044e-02,1.504994359896749678e-02,-5.750133605238239021e-03,4.500556399654798145e-03,-6.703195215608692692e-03,1.497103633173679782e-03,3.774656171418283579e-03,-1.132525105101001017e-02,1.498455062190184872e-02,5.851625821786166082e-03,1.309301238399118716e-04,5.046557403610707482e-04,6.959973048337647628e-03,-1.546917515121370990e-03,-2.039446060312588571e-03,5.373210564811103929e-03,9.997840414212921800e-03,4.396675442063457950e-03,6.183094311628362094e-03,4.131394453012748880e-03,5.618178828683539905e-04,3.676719197745120793e-03,3.019433597946097336e-04,3.402459996412865451e-03,1.000000000000000000e+00
-4.472530563277681281e-01,-1.042616347804219412e-01,4.676303401066554677e-02,-1.261769907748770403e-01,-2.733706536334779003e-02,-2.552194756628511918e-02,3.917407746767964660e-03,1.330090133688281717e-02,-8.119661622442486681e-03,-3.883378394686221036e-03,1.763424692519691139e-02,-2.133150408350875660e-02,1.302507899648164269e-02,-3.332679192319942807e-03,-5.264794892917479263e-03,-4.157111185487560867e-03,5.255967204501943435e-03,8.401092927300957136e-04,-1.242043842719975366e-02,-1.118699530299083200e-03,3.929962941946696375e-03,1.195846318564286470e-03,6.978514839637961487e-03,-5.415325529973702423e-03,7.899790093148395531e-03,-2.702417944562718333e-03,4.258439921785650562e-03,8.292332894799248066e-04,-2.628591246221056998e-03,3.468225212315934058e-03,5.396766300247435311e-04,-5.744578497163255193e-04,1.000000000000000000e+00
4.692252709762826379e-01,9.819066563689976546e-02,2.850426182093995786e-03,-1.216103418500827371e-01,-4.679949943012852442e-02,-4.489668334276719630e-03,-3.201466419960152798e-02,-1.444087105597863241e-02,-9.529095896324002446e-03,1.941076631674898412e-02,-3.142356046767769140e-03,2.799675314804045412e-03,-1.086090349331636506e-02,4.874760813663003844e-03,5.192449547821664790e-03,-5.046232332221733952e-03,1.071583524414820854e-02,-3.991104195833261592e-03,-2.940916365676504718e-03,-3.250528310346001426e-03,-4.867974004081343509e-03,5.088811704321349882e-03,-2.091293088275852918e-03,-1.701927456509710890e-03,3.896634954148603391e-03,1.579695881566811622e-03,6.065270222448848614e-03,2.776055859568804518e-03,5.098974913085863037e-04,3.238884119117546589e-03,-1.034030148997056031e-03,4.110436360890368235e-03,1.000000000000000000e+00
4.493411263820959456e-01,-1.812329343985873420e-01,-5.339130707916228680e-02,-8.792293493646391456e-02,-3.305391614203914696e-02,-5.529062919276939159e-02,-2.497186266429918255e-03,9.735488640836578722e-03,-1.025287375921057897e-03,1.680392956343745858e-02,-2.276305095123826172e-02,-1.016169933448574092e-02,-5.345151967180772346e-03,5.372576321753641526e-03,5.482364230757874601e-03,-3.050207251154901655e-03,1.085820213709220994e-02,1.281433331012604704e-03,-2.151553368635261698e-03,-5.205443053430958145e-04,-2.048922843335965194e-03,2.731093109226145899e-03,-3.161369302793565206e-03,-2.047474648760649885e-03,4.268525797844313630e-03,5.234678716983243163e-04,5.393804654086342687e-03,-1.438329071113464419e-03,2.540569260886527125e-05,4.940805517694435434e-04,1.052413102247129473e-04,-1.872183977170482905e-03,1.000000000000000000e+00
4.945943017842574507e-01,5.623184260775870857e-02,-1.145608723872426626e-02,-1.190980699659303088e-01,-2.123807964743769372e-02,-2.427363013128958080e-03,-2.382160273797573335e-02,-2.291592438793368935e-02,-8.180698531931485107e-03,2.671012422666285691e-02,-5.256144410580865234e-04,1.761047999158965593e-03,-1.281715631957225376e-02,1.470874238018393676e-03,3.796770048242970041e-03,-1.124794806663415025e-02,4.285689647218315912e-03,-7.955990129835888158e-03,-2.866787491151767675e-03,-1.000256361740170519e-03,-1.995031697776317170e-03,3.429161746970055269e-04,-4.150798413421669109e-03,-8.022444079771040570e-04,8.358211437438090030e-03,3.324142770250171353e-03,4.920107550305197197e-03,-3.510607716883773488e-03,1.820034894478572696e-05,8.593088323753661495e-04,1.310847449831786804e-03,-2.118057648238247381e-03,1.000000000000000000e+00
4.694626665217613293e-01,-1.816516470659041982e-01,-5.078269770696036689e-02,-8.061586771174766852e-02,-6.968557920523144045e-03,-4.198005481790534343e-02,-7.608508470895225528e-03,1.134877410479311066e-02,1.405457744426130695e-04,2.379355978958919149e-02,-2.362617984822501516e-02,-5.184203558947692025e-03,9.787964088210365787e-04,3.223053239521767033e-03,4.447958018746700493e-03,-6.075755675269634004e-03,6.960405564123028910e-03,6.566208102053994189e-03,-1.099302105563748633e-03,-6.510148450580288682e-03,-7.506272552449677615e-04,4.411368181522878906e-03,-1.385011286877541048e-03,-7.613993761997894794e-04,3.525069381389855927e-03,2.514995452256418851e-03,5.886391948474067881e-03,-2.687128855402620697e-03,1.150595760153777514e-03,6.827845768351520350e-03,1.218127483498143704e-03,-7.634987343723143027e-04,1.000000000000000000e+00
4.894329661879564530e-01,5.281430104070894416e-03,-2.775845490017060657e-02,-1.278234163598367945e-01,-2.928583559788684731e-02,-6.240454606711076657e-03,-1.928767996553243380e-02,-2.351176686515002445e-02,-9.825983478856048503e-03,1.911438339187399027e-02,-9.208362053929608493e-03,-2.408600057522941595e-03,-9.943549767312820364e-03,-3.593787706129669690e-03,2.059399606714057418e-03,-1.273885557226711596e-02,7.113672065877985062e-03,-2.222470040516899559e-03,-1.070703331377265144e-03,4.078240604331595520e-03,3.344863849923024324e-03,7.729684092147026675e-04,-2.964786864015855894e-03,-1.053759052786096273e-03,3.171092373295159028e-03,3.494912713299935803e-04,5.821876631388694934e-03,-2.004114619737595859e-03,8.101231558376997821e-04,4.822426800320883666e-03,1.475633130751385913e-03,-2.467146487583948833e-03,1.000000000000000000e+00
3.734074966314173127e-01,3.086984574159890027e-01,5.847669796349055926e-02,-1.465141584171458788e-02,-1.245968140007311376e-02,-6.480487692105135755e-02,-1.438522443810152929e-04,-2.114003510361667226e-02,-1.020797546320745264e-02,9.839032897473676265e-03,-9.505707488067727251e-03,1.754191704869484392e-03,-8.022420267913665803e-03,5.399032533147107848e-03,6.494459448768558074e-03,4.250166478838024453e-03,2.750212328842427389e-03,6.935546038886353237e-03,-1.121745994859257856e-03,1.378502830429173542e-04,5.295562312701507235e-03,-2.638233836554981782e-03,-6.104780920156926971e-03,-4.987073412399067873e-03,3.858712868658520367e-03,1.769044088374416290e-04,5.097870501380774577e-03,-4.253543118948877044e-03,4.369493986464967339e-04,2.052926241307290178e-03,-2.237718973831737124e-03,5.765718188577739767e-03,1.000000000000000000e+00
4.814852769964693135e-01,-4.602716036198051253e-02,-4.067961689303696560e-02,-1.257542728630338114e-01,-3.289492227274889991e-02,-1.784666071181439939e-02,-1.245614636431224831e-02,-1.832352974587617145e-02,-8.689797630448803378e-03,1.463076738093183060e-02,-1.764090878915974825e-02,-7.736777609352207818e-03,-7.892973987711937589e-03,-6.291179386093859183e-03,1.345582813234047492e-03,-1.061931188651560332e-02,5.659707788005396978e-03,3.332737281298348009e-03,-2.693854649238325294e-06,8.209572203856541073e-03,5.661368524117332823e-03,1.590895487549592868e-03,-2.238545197118690933e-03,-8.665568995520067652e-04,1.805145069334102015e-03,-6.614476016408854520e-05,6.458486829439835653e-03,1.822417561381128870e-03,9.730334673826446235e-04,5.178392503256190604e-03,1.752558155353689529e-03,-1.198198683621587435e-03,1.000000000000000000e+00
4.049458855024151704e-01,-2.947735912080444165e-01,-6.711176517574524159e-03,-8.132917373453674159e-03,8.753050121424937879e-03,-2.232211417394763808e-02,-4.422738012836818777e-02,2.312564478801668044e-02,-1.184731387346710241e-02,9.980083618680746227e-03,-1.444370835486641358e-02,2.186993188489252948e-02,1.779124873073634205e-04,-1.339736475428215945e-02,-1.444422217108665141e-04,2.492295462233951042e-03,9.126165748460035587e-03,-9.506107942960917434e-04,-1.911765931199793656e-03,4.013737987164978094e-03,2.467133498801343805e-06,2.306385903221186418e-03,-2.817607921743098265e-03,-1.178204191603138273e-03,4.043022479851665629e-03,1.038822760053959016e-03,5.913847291100587933e-03,3.472337905031097627e-04,5.962612372874820377e-04,3.608535651800276467e-03,1.929823152475584891e-04,-6.639208807140972723e-04,1.000000000000000000e+00
3.025680758525474690e-01,3.387034403972979946e-01,4.725367711775835255e-02,9.682333826667860466e-03,-1.500884772159324920e-02,-7.251095649113481478e-02,1.094096116672432784e-02,-2.708223332245021653e-02,-1.657151896372832667e-02,-1.265457408248682469e-03,-1.892202903554229820e-02,5.666170342777387958e-03,2.969751441739054698e-03,8.515930064130206034e-03,5.985181332826217115e-03,-6.689103087709313833e-03,3.623792826480842777e-03,-3.048593375332697697e-04,-1.284974271324901274e-03,2.864199326388261468e-03,-2.894435026541408718e-04,5.536060596543768142e-03,1.452840901920021688e-03,5.880691813649752131e-03,3.003981655222698333e-03,-1.095372805319017040e-03,5.798325826946004735e-03,-1.534560352255687210e-03,3.758595484170956791e-04,1.498105522827586356e-03,-1.961265928134281467e-04,-1.941880294630271564e-04,1.000000000000000000e+00
2.425167939078698986e-01,-3.661257262592024220e-01,5.135758074715857102e-02,2.645936519592559377e-02,-4.412962046603598198e-02,-1.079479082672690771e-02,-5.868410781405081211e-02,-7.834532912265018689e-03,-1.494812282987778573e-02,3.073103758262751839e-03,-1.823239029598705541e-02,-1.665448353484519362e-02,-1.460025137670029061e-02,3.965743264385923617e-03,5.460557396111398454e-03,-8.887602224482982205e-03,2.612850208777883765e-03,1.991519232166116815e-03,-1.270529152786581406e-03,-2.275190425556350426e-03,2.274681987613491607e-04,2.132405485241295473e-03,-2.689361990989347362e-03,-8.334474174162553872e-04,2.274063129727110777e-03,-1.554850539552177224e-03,5.836893661551267876e-03,-2.163446718026484916e-04,2.680992844335539083e-04,2.132691562850286271e-03,5.157053274850831315e-03,1.200463304659726838e-03,1.000000000000000000e+00
2.514951401936306175e-01,-3.580384581226998542e-01,4.526770400502275193e-02,2.133265680733900660e-02,-4.925755457787291125e-02,-1.727991039445458954e-02,-5.558951632405917387e-02,-8.189833163755891321e-03,-1.438898755553635889e-02,6.673773342000477449e-03,-1.610621041014842492e-02,-1.413412810499481420e-02,-1.227312624404630625e-02,3.463953231511496256e-03,5.131951404797496785e-03,-9.417008406241433871e-03,4.592875031344423320e-03,3.399553256812848367e-03,-1.254259542030067287e-03,-1.492897329430697972e-03,3.097738273618588778e-04,9.768838281750125141e-04,-3.010596764673301173e-03,5.337033628407539254e-04,4.004793387151872608e-03,-1.273146313050088629e-03,5.841820033705369397e-03,6.377717542198069189e-04,3.167688279220315373e-04,2.749599343646630389e-03,4.989766075418566871e-03,2.263379969165479899e-03,1.000000000000000000e+00
4.226915514865074441e-01,-1.979411182483957754e-01,-4.803338008997107278e-02,-8.085514439560959055e-02,-5.225181578035603680e-02,-6.535680263825532910e-02,-3.503686948430395631e-03,9.671857924205787271e-03,-3.340712162437975419e-03,1.314078450325317782e-02,-1.609919522637454081e-02,-6.067926088880765123e-03,-9.923069247403937254e-03,5.048274962115129050e-03,5.393120681016549955e-03,-2.734714423773154657e-03,1.067354385995700206e-02,-4.328091327497063379e-03,-2.401572547159780413e-03,-3.892266476459571578e-04,6.732077068226094418e-04,-4.839171522265650616e-04,-3.818641757995455688e-03,-2.856074354495863332e-04,2.845993248315747959e-03,-2.990677439455247111e-03,5.633297410230581059e-03,3.382142829641554549e-04,-1.798366665480555238e-04,-4.368539010447258786e-04,1.363381021750598165e-04,-2.615953309426322093e-03,1.000000000000000000e+00
-2.252541149076663918e-01,2.662971632309695802e-01,-1.333239184116364051e-01,4.437349853437311253e-02,-7.861310762823536802e-02,5.862378484444263904e-03,9.056066029207776591e-03,5.205874340392296906e-03,-1.739509310400266795e-02,1.992386161143411272e-02,-1.578411208979907387e-02,-2.296777243954412073e-03,-8.334124412089694012e-03,-6.483660355216525062e-06,-3.766413802407109213e-04,-5.219559718173116813e-03,5.869850534507392581e-03,1.614966413911955723e-03,-1.872501836905904327e-03,-5.989253123749316288e-04,1.301168828345244943e-03,2.343688324532244849e-03,-3.103111044190476342e-03,-9.238248017325312311e-04,4.377617834813385400e-03,-1.282971005710509260e-04,1.141143546497053185e-02,3.443526761409687609e-05,-4.574956186742251685e-04,2.509908576210417852e-03,4.020677069331846099e-04,-5.891478958860441040e-04,1.000000000000000000e+00
3.319867683527529256e-01,3.278729772399980313e-01,5.754915637721597088e-02,-2.418854192270003534e-03,-1.785328676700589923e-02,-7.266617502684585839e-02,4.843220159017058712e-03,-2.251140082179536872e-02,-1.323578397198060808e-02,2.436028134633505537e-03,-1.743614509415669644e-02,2.668261923749054576e-03,-1.031177252055592852e-03,4.423282180131049568e-03,5.311918521263975235e-03,-5.286585924978215445e-03,5.006962527187908130e-03,1.512570155034143049e-03,-1.303041820048478350e-03,7.402720793421302403e-04,1.233036965405151508e-03,2.365280611065723182e-03,-2.215713779013417373e-03,3.864486465843253171e-05,3.391935702395154628e-03,1.675045902491678618e-04,6.309545626486612324e-03,9.918669014086223257e-05,1.662761101082765869e-04,2.929925565311630731e-03,3.943233870932205676e-04,-7.642983537942127370e-04,1.000000000000000000e+00
4.437293599683488354e-01,1.969303510868624096e-01,3.807369633264057196e-02,-8.709573600294001627e-02,-4.197680859570654399e-02,-2.305867906466735340e-02,-3.209889398710669139e-02,-1.846811909888279590e-04,-2.466208167471395374e-03,2.770737849210913595e-02,-4.002983673830340372e-04,-2.381902041148492577e-03,-1.706969780446965235e-02,3.995497166461026151e-03,5.765597796306198841e-03,4.976761746672386799e-03,5.195753540962244621e-03,2.749444589842608977e-03,-2.386990676174316484e-03,-2.956213708308341737e-04,-2.320474472603889504e-03,5.675298602695277861e-03,-3.175135965934605675e-04,2.094715100332933400e-03,4.517420516036485534e-03,1.557903160102624973e-03,6.900910837207840931e-03,5.824122264908693225e-03,5.988781258286501874e-04,2.761455990325900611e-03,2.468473980467011941e-03,-1.546024720851746359e-03,1.000000000000000000e+00
4.660455270188925692e-01,-1.580766518088150274e-01,-5.470355462961873361e-02,-9.568297352006799317e-02,-2.295967540041081445e-02,-4.598737691712112552e-02,-2.813209950676409665e-03,5.875162886836773901e-03,-6.780514331179987586e-04,1.918915629711015480e-02,-2.511315680847886478e-02,-1.148732163592250388e-02,-3.121431393639406693e-03,3.282293193615892779e-03,4.679167459899491455e-03,-4.862544855973427449e-03,7.547075203936826071e-03,4.827307534244873466e-03,-1.465876721593373233e-03,-1.261827221481492955e-04,-1.702498270155866633e-03,4.307923367250554580e-03,-2.400583150663188059e-03,-2.418975755765995217e-03,3.990858610328551492e-03,1.979520424984282378e-03,5.690583118361070003e-03,-5.586747385073476124e-04,4.461645955458615198e-04,2.609665803177424470e-03,-1.990575452004428314e-05,-5.038336288776257277e-04,1.000000000000000000e+00
-4.254464723209268606e-01,-9.708779669710471127e-02,4.602322141543294109e-02,-1.331123428284205490e-01,-3.138609065604039405e-02,-3.692729266769601004e-02,-3.883100531896943597e-03,1.045941277883981335e-02,-2.624639035322001712e-02,1.094489112718977086e-02,1.690624726616768436e-03,-1.410910623805367026e-02,4.337040763312094427e-03,-3.419154512976863014e-03,2.911098811118562057e-03,-4.245913344460061634e-03,5.794759274284855266e-03,3.015406416059795980e-04,-4.272170074352543701e-03,-9.783306104048650198e-04,3.745158604789744494e-03,6.909932358937442842e-03,-8.654770077748369372e-03,1.223969353976617214e-03,4.193781327105572387e-03,-3.047493569755532761e-04,5.288562640690164240e-03,4.840750978083452338e-04,1.736786446170091036e-03,2.625375863176931945e-03,2.834126122996938335e-04,-6.957490653951570181e-04,1.000000000000000000e+00
-2.513957450368698998e-01,2.517611159573074908e-01,-1.345508579326811227e-01,3.733020000954098694e-02,-7.786602244499683800e-02,4.354027366001100852e-03,4.125448249047924953e-03,4.656319804140024443e-03,-1.412475918848815626e-02,1.948292195511780456e-02,-1.535647551992311288e-02,-2.234332898662066968e-03,-8.587374217903231965e-03,-9.240691930591515835e-04,1.785346857126501874e-03,-5.235549905256597913e-03,5.869026471031490999e-03,1.927969591920042358e-03,-3.054219471489649784e-03,-6.875075171008937502e-04,1.740723797496623870e-03,2.633803728170847069e-03,-3.944380146962578326e-03,-1.181135309013869872e-03,4.674860763533128516e-03,-2.326057934451952747e-04,1.477706013061186319e-02,-3.589227884276957603e-04,-2.688093971115024239e-03,2.745132626720020452e-03,3.227409197726904821e-04,-5.490269651921009242e-04,1.000000000000000000e+00
-4.393660743547078140e-01,-7.564915832504182092e-03,-1.365233690639770792e-02,-1.193417201064160826e-01,-3.124619726919058982e-02,-5.897498466085238089e-02,-4.917017719546767918e-02,-5.489486245815342058e-03,-8.852259936171613663e-03,1.411907851949478765e-02,-1.330328986552686832e-02,-4.302526268417233846e-03,-5.424501390280389579e-03,3.454110476813598840e-03,-9.568390335441212535e-03,-3.271186224353184180e-03,5.999675342696852987e-03,8.929403993029882969e-05,8.083450871072095367e-03,-5.346333659295154916e-04,-2.584499554817432099e-04,1.322935560697902080e-03,-2.514890019773341479e-03,-7.235938671285024881e-04,3.973744203233930961e-03,1.364095640288276456e-04,8.561882566602674327e-03,2.553037751734099636e-04,2.129455739311836293e-03,2.260614487029216635e-03,4.090489402437391675e-04,-6.120909499793825148e-04,1.000000000000000000e+00
5.093845028543874109e-01,-7.760388689896091652e-02,-3.484066475460581569e-02,-9.097033453255287672e-02,1.762398327835251743e-02,-1.355789464105816577e-02,-1.479037065110572202e-02,-6.618809049030019431e-03,-2.402657163705024246e-03,3.294812122954560163e-02,-1.280344016500678528e-02,3.522385971984759445e-03,-3.688371714200000540e-04,-3.751829234926840062e-03,1.666799492407194938e-03,-1.223789240336264905e-02,-1.163506146838622080e-02,2.454955084980836588e-03,-3.416104523874530230e-04,-1.044684776652904379e-02,4.551500405582026287e-03,-2.193017556144649660e-03,-2.904855715497839386e-03,4.080574111631485312e-03,2.666270520988889281e-03,-5.116828467408240932e-03,6.090566151995491229e-03,5.826483740048182813e-03,-9.287689190749237600e-04,-4.340366970564890625e-03,-2.494864410867325688e-03,-3.576868783556896858e-04,1.000000000000000000e+00
4.543519851392953668e-01,-1.750839339824797891e-01,-5.415266999884446597e-02,-9.025688710215618027e-02,-3.003055195051917980e-02,-5.290116335996875030e-02,-2.338444836131825522e-03,8.937992929793248109e-03,-7.757998855056347232e-04,1.745031149825393424e-02,-2.380372726781243564e-02,-1.087043524055097965e-02,-4.622404560610249291e-03,5.001879015418153607e-03,5.343876398311936393e-03,-3.349399233756600314e-03,1.019460293977902943e-02,2.378966225835776882e-03,-2.019411069287380123e-03,-3.906681021550451050e-04,-2.304991344724449664e-03,3.344355589100345139e-03,-2.979067937537493993e-03,-2.339490530394283674e-03,4.320877321711602548e-03,1.089006608125830944e-03,5.420801539800179647e-03,-1.432084805009392614e-03,1.122003868660459425e-04,9.141968706350978024e-04,4.081862865157326326e-05,-1.555820562768150950e-03,1.000000000000000000e+00
-4.222068306223932255e-01,6.638547625173524258e-02,-6.068325340196376039e-02,-8.558482226399952153e-02,-3.972249350499790221e-02,-5.414377445854151594e-02,-6.052317504111459634e-02,-1.222015894344402609e-02,1.721029950474367576e-02,7.645704786586104973e-03,-1.400598731560698251e-02,-2.890146582087971261e-04,-6.142131606896139573e-03,-4.128985281421804210e-03,1.260840714491417991e-02,-6.428617960756388694e-03,5.822404390329438684e-03,1.575415154840220655e-03,-8.227364524109326283e-04,-2.956133184446319007e-04,7.882662239748761124e-04,1.800834940609064017e-03,-2.272109979153780213e-03,-4.089913234849307244e-04,3.658927700372294201e-03,-6.682098351751264431e-06,6.239859029054439787e-03,4.830927820021480024e-04,4.831444878337781690e-03,1.830281070430150869e-03,4.722778756687251445e-04,-6.161216454440010537e-04,1.000000000000000000e+00
4.582332456381290609e-01,1.090437178637861382e-01,7.312055963992980523e-03,-1.210797193989171516e-01,-5.538112300256858855e-02,-6.286202181876088257e-03,-3.466081428380957119e-02,-9.837497453544313819e-03,-9.579235186100099053e-03,1.707818265972782523e-02,-5.421671282643758527e-03,3.007307511957990620e-03,-8.936154093540871202e-03,5.792080520610976002e-03,5.495158727130106113e-03,-3.812900191332568856e-03,1.089198587870354729e-02,-2.354539514676845524e-03,-2.702874883087513780e-03,-3.536916453668714766e-03,-4.532838344383366413e-03,5.433135994765414534e-03,-1.861938468647378331e-03,-1.770031876762112599e-03,3.002698170111728349e-03,1.017964558691852872e-03,6.261278078533133451e-03,3.906883502207247894e-03,5.599562585055506414e-04,3.435622581661246233e-03,-1.216533800615704486e-03,4.256168596656118019e-03,1.000000000000000000e+00
2.690578220984504165e-01,-3.660150775551940239e-01,4.528618703051813521e-02,2.875422483791048589e-02,-3.294638040377101396e-02,-9.361502648077835165e-03,-6.201482155285170661e-02,-1.662807397284735145e-03,-1.700918100950643552e-02,-9.035480161074804784e-04,-1.760636554955502531e-02,-1.334938153115020065e-02,-1.635518945232461441e-02,2.779276783399398099e-03,5.435057542094640093e-03,-8.852900921992812311e-03,2.682244500531560938e-03,1.673602726288136999e-03,-1.015366802215256214e-03,-1.454152332578950713e-03,8.000143816983551481e-04,2.978918229268934237e-03,-2.189697548208080491e-03,-1.554924924169420741e-03,2.704093050216460625e-03,1.395813234865705965e-04,5.877159747371907272e-03,2.380331022705517441e-05,3.903820092002741049e-04,2.235326876303539434e-03,-3.171194946234301426e-04,-1.632727481981399720e-03,1.000000000000000000e+00
4.991893538184187240e-01,3.796214335756653568e-02,-1.673881110123132121e-02,-1.184776648955171985e-01,-1.591063350401104859e-02,-2.873840142820605070e-03,-2.161259035142831797e-02,-2.340517741836249666e-02,-7.738421212158896889e-03,2.764630378763044405e-02,-1.710956341909486422e-03,1.197719337615615887e-03,-1.201489802810518093e-02,3.322470307187130878e-04,3.320699950474043094e-03,-1.273661353162180987e-02,2.426948460131250762e-03,-7.586847482654590635e-03,-2.538646395585320015e-03,-5.575923676688354647e-04,-6.371747869003130393e-04,-5.674617681105109668e-04,-4.349371883446195852e-03,-4.760387213532668582e-04,8.367648649019676643e-03,2.979769459885983629e-03,4.877428201083944259e-03,-3.859255044403098189e-03,-2.622974102550745812e-05,6.293459399456247105e-04,1.509460268247164727e-03,-3.079783287618820253e-03,1.000000000000000000e+00
4.512511178930180833e-01,5.816203445029088925e-02,-9.130404531920974232e-03,-1.311425903357889555e-01,-6.526883530627525243e-02,-8.168808825707085663e-03,-3.073006657048582557e-02,-1.434060775099667284e-02,-1.376873638958370227e-02,6.393512095300035725e-03,-1.292804486770104955e-02,2.463322551423563489e-03,-5.734378206559309632e-03,-4.780507333786432334e-04,3.460264169369398068e-03,-4.535442903082220756e-03,1.393323413398028787e-02,2.737426485450500380e-03,-1.302502432651286846e-03,-5.164356863008645604e-03,-8.046815951784358489e-05,3.353611737483608302e-03,-2.022776061014031068e-03,-1.335885955384141788e-03,2.665933881884630097e-04,-2.144626337378663372e-03,6.020217973571162506e-03,8.064464521930769791e-04,4.103960798873818039e-04,2.703220088725311054e-03,-1.635452483995103456e-03,8.311194020782508574e-04,-1.000000000000000000e+00
4.432979118053309575e-01,-1.184280525901091896e-01,-4.872998922810956035e-02,-1.111285179259542399e-01,-5.500381623240575835e-02,-4.726271678089766226e-02,-4.474614764188533655e-03,-4.072114760236153486e-03,-6.998588020118934327e-03,6.844415872670039924e-03,-2.285076482145942389e-02,-1.094273320219382728e-02,-9.647946378843474946e-03,-4.264211863732103591e-03,2.685993102186340353e-03,-1.329139265389911451e-03,4.069932631320161143e-03,1.796153785031617822e-03,-1.508834368244560409e-03,6.525041848080559426e-03,-3.678147439948598052e-04,2.344972864168459736e-03,-3.186897235431918052e-03,-9.856617969362657661e-04,5.344902130911710625e-03,1.029584459989352219e-03,5.855226327629775573e-03,3.962874861230536450e-03,-2.010254714015224931e-04,-8.777526476601016370e-04,-7.949109838389922800e-05,1.905676857208771224e-03,-1.000000000000000000e+00
3.042281850069790128e-01,2.736286985474654654e-01,4.915425330144874982e-02,-4.044488972497170542e-02,-5.999125086294851417e-02,-5.589280075967112404e-02,-2.117150802776346374e-02,1.010018685684702100e-02,-4.542549229447412351e-03,1.448053041043229072e-02,-2.529942327571288452e-02,-8.255625380470643648e-03,-5.384779694624031166e-03,-1.521640415550573611e-02,-2.229738561831562382e-03,-1.991172370957594584e-02,1.053712134227413610e-02,-4.230285457166027552e-03,-1.478238383966212766e-03,-4.829162364910599692e-03,-1.369865468368341999e-03,1.050748651548027990e-03,-4.598401935239665450e-03,-3.973362279650005657e-03,4.509031037033206513e-03,1.726144673368845694e-03,5.561449085736080988e-03,3.756794505242300186e-03,6.085054491505870189e-04,2.447970037258828668e-03,7.875400773932339504e-04,1.118082348496973744e-03,-1.000000000000000000e+00
3.783625013891871447e-01,1.678073060333441502e-01,3.084188572599347311e-02,-1.007275918242339086e-01,-8.630682760335525727e-02,-2.420381703261087480e-02,-4.292396226030631423e-02,1.829457045480675781e-02,-5.735655501862779726e-03,1.325316711118595947e-02,-2.095718745464836275e-02,2.868106069064679797e-04,2.363558324256609389e-03,5.487439626194801079e-03,4.719533348387594529e-03,-8.740970194233088630e-03,1.429366559457245778e-03,4.498838882213140877e-04,-9.539700396314909625e-04,2.783764329449600616e-03,2.719321564666338231e-03,7.013430936804176952e-04,-3.202290020300757600e-03,-8.022005725648595487e-04,3.936519448777320296e-03,3.611821957824057350e-04,5.732653603178983204e-03,-1.024249259848786231e-03,3.843468544593442449e-04,2.579919054732093819e-03,3.303156029116349757e-04,-8.588201332448974767e-05,-1.000000000000000000e+00
1.945397891064029050e-01,-2.954987240272081150e-01,3.752064863170448406e-02,-1.928469637468330222e-02,-9.618943022829892775e-02,-4.467909450147283801e-02,-2.803321189776980527e-02,-2.411288878190358254e-02,-5.112500711064282832e-03,3.309731282142536202e-02,-1.151873778841483453e-02,-3.170874500658810158e-03,5.428193205645137631e-03,-3.706844412369181274e-03,1.430346182772462837e-03,-5.741395419057437888e-03,7.053227452004207088e-03,7.282044923283159665e-03,-2.757246445385219680e-03,2.526569825187952034e-03,-5.664938434595367944e-03,-7.133351560520972967e-04,-5.187395182853132836e-03,6.835452494786675715e-04,5.898878828967779597e-03,-3.282740746152756905e-03,5.466890990475953283e-03,6.171591501660245171e-04,3.007852341827543796e-04,3.772070078236572366e-03,-8.475122894640030324e-04,-1.410182864055586904e-03,-1.000000000000000000e+00
2.677503669336683823e-01,-2.608853214705628143e-01,6.344239280625704747e-03,-3.794697233843130624e-02,-9.797387962193712663e-02,-6.410342253752016051e-02,-2.145371650895588900e-02,-1.229680861231483013e-02,-8.465111536201608278e-03,2.613672094551156011e-02,-6.994874652480609356e-04,5.685280855619895268e-03,-2.399515540657759516e-03,-2.874743481351138552e-03,1.565894430365810663e-03,-1.385155526492598543e-02,4.558175371140227305e-03,1.098175498346121159e-02,1.281136669674109996e-04,1.786146846830871660e-03,-1.448719554018318423e-03,6.432617660789619052e-03,-2.200153124156362106e-03,-4.163654563126728547e-03,3.413996141973907328e-03,1.758228583404575218e-03,5.386941417180879377e-03,-6.070989446903540809e-04,-3.343496797149070332e-04,-1.811845221396907180e-03,2.873397727276572056e-04,-1.666268130207093634e-03,-1.000000000000000000e+00
3.887801246931853472e-01,-1.013596001267874636e-02,-1.837550128486035994e-02,-1.215409118390324283e-01,-9.066964026550655698e-02,-3.328221036370238028e-02,-2.292273571162473100e-02,-7.501240729306024591e-03,-1.512036682830136813e-02,-3.400459558388524428e-03,-2.237788428225284676e-02,5.607012314853832002e-04,-4.964462911039579929e-03,-8.840647092791642514e-03,1.398675500926982451e-03,3.894736820186928128e-05,2.954497518967036385e-03,6.547856074961555528e-03,-1.106386588291097262e-03,-6.466359754614181554e-03,8.910709679823269891e-04,6.131774524483213362e-04,-2.429242625272803879e-03,2.848448813890958053e-03,8.285041094221345936e-03,2.982497612187384739e-03,5.427273329547177561e-03,-1.587267753568044615e-03,6.105839532938306391e-05,8.697805543561587527e-04,2.536483075969875323e-03,-2.831104245337279224e-03,-1.000000000000000000e+00
4.497008158582911919e-01,-1.517078941162747219e-02,-2.969865076745813182e-02,-1.311124858907944946e-01,-6.371629939316186819e-02,-2.001686553495873877e-02,-1.931619683387247877e-02,-1.692620025817992424e-02,-1.397698758311621825e-02,1.782900074005611124e-03,-1.911048513186697217e-02,-3.186368594683269828e-03,-7.405081536060231784e-03,-8.230990985228114898e-03,1.208480456114102708e-03,-3.747610313058424847e-03,1.038653465339267612e-02,6.033098110993728724e-03,-3.235318938572540048e-04,1.023344246355861742e-04,3.300252227875027922e-03,1.933038710887902134e-03,-1.776452135517747610e-03,9.840361904889238787e-04,2.179465070602903953e-03,-1.255862170616239837e-03,6.012258976707984814e-03,1.902765052166910387e-04,2.536623903694745774e-04,1.808367234654245648e-03,6.499757170415065843e-04,-1.054858050897777844e-03,-1.000000000000000000e+00
3.906290362463926136e-01,-1.801733169379852173e-01,-4.020958167450661147e-02,-8.562777652285485930e-02,-7.793861015062206188e-02,-6.981858418293440671e-02,-4.810033113120781856e-03,2.610388978320679620e-03,-7.415178199778493795e-03,8.049746550130798539e-03,-1.148523527911415876e-02,-2.210158868598238735e-03,-1.355675930071109647e-02,-1.383315576714116979e-03,3.424687666894077331e-03,-2.359912582702849981e-03,8.155054373252257349e-04,-5.704226140043622273e-03,-2.099455831478080903e-03,-6.793788884927876026e-04,5.169965902925566237e-04,1.064368182480623926e-03,-3.027569069643687438e-03,-6.179385759355615626e-04,1.654095024199997432e-03,-1.779622616442044780e-03,6.116308940074643985e-03,1.184345819594312399e-03,7.167272007472247353e-04,4.599040958253142186e-03,-7.431151459892371136e-04,-3.084068420873276040e-04,-1.000000000000000000e+00
4.187787088418038484e-01,2.015633940366465815e-01,4.120597704861864163e-02,-9.039150876864260331e-02,-6.083951164964292169e-02,-2.463190028122619335e-02,-3.811375196707805779e-02,1.101998110482924065e-02,-1.914769520308112760e-03,2.419129132300212870e-02,-7.927041048922278677e-03,-3.598803187814525462e-03,-1.142246738853358590e-02,2.914963353092769882e-03,4.822918494691796898e-03,1.104311155907811148e-04,4.889104480378936302e-03,2.243811125265171569e-03,-1.569916787176328654e-03,1.885111587537902089e-03,-8.362404220026431467e-04,5.721475295571654129e-03,5.445717130383442850e-04,3.602449167761756499e-03,3.184883479711408949e-03,1.024016223128976222e-04,6.737819647873954931e-03,2.972595981405923293e-03,4.288811097148403917e-04,2.918127863880209949e-03,1.384949761761955500e-03,-1.215647647744066973e-03,-1.000000000000000000e+00
4.176212526826228455e-01,-1.981810715398825140e-01,-4.692137003433005660e-02,-8.059354550460617883e-02,-5.624932973852084239e-02,-6.676344937860251294e-02,-3.635238352330871781e-03,9.009823132192201767e-03,-3.867939909535988985e-03,1.246388608683390853e-02,-1.498483205955880582e-02,-5.394025491082282686e-03,-1.068824195796735932e-02,4.552334856594397738e-03,5.231126163395799500e-03,-2.779758133330978431e-03,9.859104473485147402e-03,-4.970038898183037901e-03,-2.380449416498509052e-03,-3.538100220352724534e-04,9.811451093083567443e-04,-6.466226890143866868e-04,-3.810598460459946324e-03,-1.865749513092485046e-04,2.518917096836270630e-03,-3.280125959265856039e-03,5.704047387505017941e-03,6.206453393174382605e-04,-1.290364027796697677e-04,-1.471761042045049983e-04,5.727675615840865930e-05,-2.504358283264784824e-03,-1.000000000000000000e+00
1.603172845235295574e-02,-3.053153298060515830e-01,8.436980851321451702e-02,-3.051519686110890084e-02,-8.566905252656165093e-02,-1.353146817904832266e-02,-9.209348718811405377e-03,-2.718976601241636371e-02,8.298126916557235777e-03,3.142976687243081990e-02,-3.062758884848826302e-02,-5.494036524512885267e-03,2.994360713920674044e-03,-3.427187430016243042e-03,2.079209151820055057e-03,7.315039789768329470e-03,7.165063015127870472e-03,-1.095404565784996453e-02,-3.896631825004437388e-04,-3.903602708472120320e-03,1.208698046555853334e-02,6.673375077513976628e-03,1.817494939970298873e-03,-2.599405558531886484e-03,-2.234666477416435981e-04,8.137972603159848717e-03,6.535985361655866077e-03,4.037962394856098314e-04,3.041529562588241031e-04,-1.486486502115025310e-03,7.988865828726376961e-04,-2.087018551703012648e-04,-1.000000000000000000e+00
3.821374001012332600e-01,1.996768114943742733e-01,4.062312492490134652e-02,-8.971778381611811293e-02,-7.763646824180202299e-02,-2.865656445266140384e-02,-4.118813459893733153e-02,1.993310921767391108e-02,-2.683318069808149353e-03,1.869402735021319373e-02,-1.815279462091318186e-02,-3.611676207279174156e-03,-3.041573240665451650e-03,9.813649747354435959e-04,3.384143189522709205e-03,-8.423859423530466461e-03,2.948314242894767290e-03,1.821013057824449888e-04,-8.169675581798374608e-04,3.490206276458684975e-03,1.852846122569085097e-03,2.799263696593501383e-03,-8.757750180762580161e-04,2.785718878339893401e-03,3.280938258462706703e-03,-7.211963879137917033e-04,5.811591023197226757e-03,-3.055321699486968079e-03,1.422009137077850927e-04,2.032599744455243496e-03,-7.327920034241319769e-04,1.636879715467332019e-03,-1.000000000000000000e+00
3.685406394611961955e-01,2.701045414645385501e-01,5.860979734236539118e-02,-5.127466229302074519e-02,-5.120878990537207354e-02,-4.983055253645801708e-02,-2.549060898426203092e-02,1.056602441108406287e-02,-8.436058342428109924e-04,2.187237517390450137e-02,-1.460887539758604081e-02,-9.685000119568409893e-03,-1.346118321134515128e-02,-1.107886512273992263e-02,2.166607254644736802e-04,-6.336525361683997826e-03,8.419567490345447602e-03,2.760820058233637297e-03,-6.351735297149829762e-04,-1.888512002719777705e-03,1.843843272478579154e-03,1.208170963277022114e-03,-2.934296691169402393e-03,-9.912225937978580426e-04,2.806807723347459760e-03,-3.264186871406726809e-04,5.514446982862186708e-03,-3.821143761009171413e-04,3.648134231729882604e-04,2.737372139921451231e-03,1.728717276591185126e-04,-2.197026045012595574e-03,-1.000000000000000000e+00
3.127523552015712416e-01,-2.236006185042249128e-01,-1.404345530736839098e-02,-5.856187296840592582e-02,-9.678208690616697807e-02,-7.206330210780814705e-02,-1.393637877943909587e-02,-5.031653878476219366e-03,-9.070575509730283148e-03,1.803417381183702872e-02,-1.248699905933736698e-03,6.256832926748140400e-03,-8.688315246133226921e-03,-2.859173470650899773e-03,2.077480035131029634e-03,-1.115003901272199061e-02,6.946304860465657427e-04,3.764563452390290443e-03,-1.393558892859303455e-04,-9.008398651012550218e-04,1.272614962383927795e-03,5.861867770621365104e-03,-1.373996444108238624e-03,-3.670474421643199481e-03,5.655864688495215731e-04,1.259741115342549733e-03,6.012910995175091422e-03,-5.848259050706405837e-04,6.115443293006617154e-04,2.980125716226522670e-03,2.273181859429040941e-04,-1.064125066217114224e-03,-1.000000000000000000e+00
3.745608802672982796e-01,2.861007435352672656e-01,6.134078839505628655e-02,-3.928397329404614835e-02,-3.729203070102872497e-02,-5.558190877418123232e-02,-1.739066920069171074e-02,3.365385220169270220e-04,-2.923165806820615664e-03,1.958580727576797464e-02,-1.140704868251218862e-02,-7.284792196465439407e-03,-1.442731475875169700e-02,-7.414818118933519386e-03,1.990948279503856888e-03,-1.032644161289342222e-03,7.604143023165477189e-03,5.509357697116912256e-03,-8.312307482990499707e-04,-2.586263066686078638e-03,3.347571920671477130e-03,-1.077781975520664126e-03,-5.389067760048299460e-03,-4.871602525261697902e-03,3.218529139739301215e-03,5.652459681997346053e-04,5.527441035194563534e-03,8.087174554360365697e-04,6.047575501965940514e-04,3.437899861085946807e-03,7.019147178788376351e-04,-2.542364994944534828e-03,-1.000000000000000000e+00
4.018684919704625935e-01,2.373258096466288602e-01,5.226563845561602029e-02,-7.224647533988876047e-02,-5.499887705788955583e-02,-3.604053576128180003e-02,-3.339381129495527789e-02,1.255528653142173878e-02,1.303471331490779761e-04,2.599718918111437738e-02,-8.724018596759641753e-03,-7.653503159397362365e-03,-1.516942975013435557e-02,-3.822237770425063186e-03,2.865511581334689861e-03,2.101494428850547713e-04,5.913431079852982108e-03,4.161271440641933772e-03,-1.011716474099255691e-03,1.110060069257845505e-03,8.820876159123525184e-04,4.469379541188756022e-03,2.036150345867127065e-04,3.613459229450499688e-03,2.692130924578761686e-03,-7.063575531905952332e-04,6.350669840648082154e-03,6.936406985680876325e-04,3.570844743749357342e-04,2.684998991186737793e-03,1.081999584599313557e-03,-2.915350974306951670e-03,-1.000000000000000000e+00
3.786404884470310206e-01,2.494143105215193001e-01,5.474733865589100079e-02,-6.486556466637596885e-02,-5.926662458920213539e-02,-4.197240312821448605e-02,-3.210130365132901620e-02,1.570016436499871437e-02,1.034716591167827993e-04,2.372168095067994642e-02,-1.409457535487146362e-02,-9.310553398347964915e-03,-1.268701977431807570e-02,-8.644220438052685473e-03,8.593399726546102624e-04,-5.873014173319812681e-03,6.994811316092697240e-03,2.343850402956593193e-03,-6.107795935076376637e-04,3.422270064161736514e-04,1.464119959150911310e-03,3.119695066092165181e-03,-6.551876255765365364e-04,2.746637781428362679e-03,2.546363028136100493e-03,-1.150410362563025757e-03,5.726426655098371121e-03,-2.071093301540871678e-03,1.799332475583281798e-04,2.201720510250998464e-03,-3.275217148673847944e-04,-1.254701650994838324e-03,-1.000000000000000000e+00
4.045016318828597024e-01,7.774725333739535005e-02,2.108415061848917249e-03,-1.230263457820895412e-01,-8.674978477146332023e-02,-1.796083300464490495e-02,-3.568189050598830070e-02,-5.637481507276831394e-04,-1.310433692309048714e-02,2.370276384584868445e-03,-2.004789202217732713e-02,3.640809938956018899e-03,4.287306970215398749e-04,1.472394400678367354e-03,4.054740161022724054e-03,-3.570954972907325331e-03,7.061833035140852033e-03,4.762273495019675451e-03,-1.082987887976227803e-03,-5.571896929544406518e-03,1.500893709313777524e-03,7.348011657086206405e-04,-3.540343014027058643e-03,-1.551663277781722972e-03,3.646388294313518408e-03,1.294522112990081908e-04,5.692943378546949651e-03,7.676549627052553504e-04,3.021917066166057708e-04,1.669411662115510842e-03,5.980478937738231693e-04,-2.578084521434043097e-03,-1.000000000000000000e+00
-3.656015851131074745e-01,-9.053310450543988752e-02,4.284552079050071849e-02,-1.290337534957304855e-01,-4.314754519126524912e-02,-4.506379983988273441e-02,-1.065269553326442242e-02,4.345718446702492854e-03,-3.690753581354788704e-02,2.710214675674404994e-02,-2.190180322817070202e-02,-4.071592418404268443e-04,-1.001466380809412637e-02,-3.659526294938764135e-03,1.444678514190711471e-02,-6.152826884559869924e-03,5.971330622270842881e-03,1.706540041901627447e-03,-1.383148214569862589e-04,-1.461470937124120795e-04,3.135783528709634727e-04,1.534629498526229874e-03,-4.420973603097899662e-03,8.969038095276160583e-04,1.532729515033859347e-03,1.626028178534077995e-03,5.599005261534562017e-03,5.677222196837639068e-04,-2.887245320997988696e-04,2.470951781445213102e-03,5.594071738891370771e-04,-5.666306584094504828e-04,-1.000000000000000000e+00
-3.903438517307063482e-01,-3.015896501110004735e-03,-1.293598117345083620e-02,-1.152464190929282650e-01,-3.981210063403889388e-02,-6.193588694495366642e-02,-5.038812983363138986e-02,-8.068427414297127398e-03,-1.420322626975856206e-02,2.238833918069194073e-02,-2.765168109048510292e-02,4.324611942148059995e-03,-1.468301299391328030e-02,4.924434342381878160e-03,-9.145213724801981581e-03,-5.717894887534546999e-03,5.765383197763651602e-03,2.612127258541430130e-03,-4.910001548162457041e-03,-1.710050608700885988e-04,1.243198412331558700e-03,1.358189711335611172e-03,-1.696552725005240347e-03,-4.469532739241888208e-04,2.724111449149690944e-03,8.105254137993345154e-04,3.540783027303040509e-03,8.246326181845509140e-04,-4.182700417040552399e-03,3.426609735714708505e-03,4.408609870760749061e-04,-6.212845784183684827e-04,-1.000000000000000000e+00
1.606872287996333748e-01,-3.134684976230174280e-01,5.284431315875347257e-02,-1.143400929291843449e-02,-9.240465279710630142e-02,-3.346689809871139509e-02,-2.962275431433042394e-02,-2.833080854119435221e-02,-2.521429138542252701e-03,3.415390998734035843e-02,-1.776200303539565706e-02,-7.884431585844481338e-03,7.367531627310741627e-03,-3.548859596592734977e-03,1.479728715352846002e-03,-6.620972156138327236e-04,7.600971290704250372e-03,2.331330692430022555e-03,-3.701490006808638711e-03,1.435099431409070370e-03,-4.297832113764443740e-03,-2.635378550820799415e-03,-5.267243086350570369e-03,2.223615265789513629e-03,4.807314582448263263e-03,-3.661192527910639427e-03,5.832550873190706087e-03,1.006110135219839830e-03,7.329760198225843126e-04,5.810934150354440941e-03,-5.106584792833324116e-04,-9.583366878646026876e-04,-1.000000000000000000e+00
2.837096532446189423e-01,-2.635155388000357535e-01,2.118203084993969254e-03,-3.763366550991645298e-02,-9.464831519155242345e-02,-6.546315166759808513e-02,-2.135509662112855533e-02,-9.778874360642550445e-03,-8.675745483642194333e-03,2.476988416332748244e-02,4.202431635840220281e-04,6.193632175690438890e-03,-3.632998996375702561e-03,-2.022847835347840739e-03,1.786962362746891131e-03,-1.450351045294484553e-02,5.337521540580203450e-03,1.053966045405890783e-02,4.084969581729103183e-04,1.509626542516628867e-03,-1.281725085113538665e-04,6.288524872217815531e-03,-1.960338806234834808e-03,-3.782316985034173129e-03,3.250482814998900682e-03,2.042155993186356433e-03,5.482987400064698313e-03,-2.914102692520570415e-04,-2.963915419016416308e-04,-1.733329361209595687e-03,6.151534538312297684e-04,-1.304751598956710446e-03,-1.000000000000000000e+00
3.566096976229125026e-01,-1.655818786972602652e-01,-3.041751957830529651e-02,-8.602800092158280343e-02,-9.290078809510127211e-02,-6.932047043209832449e-02,-8.125546350960688446e-03,-2.140641536085008401e-03,-9.932949481150310511e-03,7.002383491811592364e-03,-9.979984947698916642e-03,1.145950002914619681e-03,-1.301396004777277682e-02,-5.693246337586554962e-03,2.113378215342048838e-03,-2.899876928219802252e-03,-4.568056423168265212e-03,-3.309753917457025629e-03,-1.776550707022539477e-03,-2.286376136805490233e-03,-4.222189741107384986e-04,2.917733335470518163e-03,-2.177104850883904152e-03,-8.222750092135022726e-04,2.715467412370276001e-03,1.016189098672182212e-03,6.165148364647793366e-03,-4.347134046989165057e-05,1.231772347702775328e-03,7.388541920711644284e-03,-4.562037899863424784e-04,4.217282634851882150e-04,-1.000000000000000000e+00
3.386286854771228816e-01,-2.581158064977088773e-01,-1.582578788254918045e-02,-4.434522535923912656e-02,-7.942548505256924463e-02,-6.895793421843898763e-02,-1.784360800422063464e-02,8.599954332258602507e-04,-8.240891011740525407e-03,1.890050599100567830e-02,-2.431479239297096306e-04,6.138462958007323556e-03,-8.225422439493978999e-03,1.409275161845024993e-03,3.199396068678611593e-03,-1.282191328679560538e-02,8.975469660845836195e-03,4.121264810545699486e-03,3.332950699870274036e-04,-7.007955342823724010e-04,5.376439362313134573e-03,2.529453760150401909e-03,-1.582765277743425347e-03,-6.307717431647263950e-05,2.734132781428588732e-03,1.209895280895323388e-03,6.132274714412216943e-03,1.328505828805892630e-03,3.639459929460076015e-04,1.790359694077925390e-03,1.749225476895044373e-03,6.369957750074206615e-05,-1.000000000000000000e+00
-4.190341127250176156e-01,-1.585868511323307306e-03,-1.607318274750467457e-02,-1.173725332517891462e-01,-3.484491145539667101e-02,-6.197419717087909730e-02,-5.263261755834008904e-02,-7.753400974948199131e-03,-1.075199171443491641e-02,1.860924946707309680e-02,-2.176868330092207593e-02,8.700214977317988208e-04,-1.113337422089422102e-02,5.180899080021006409e-03,-1.136088778063393256e-02,-4.446175078976655204e-03,5.907987757242105786e-03,1.513306919575074794e-03,1.494651591698703541e-03,-2.759202769105906228e-04,3.952257232821554389e-04,1.091842256024766478e-03,-1.943257092031719369e-03,-5.342290365046298284e-04,3.071678587250381565e-03,6.481284804544795719e-04,5.541966731054337458e-03,6.217747213720370425e-04,-2.340966378564540706e-03,3.069869147370535289e-03,4.205297413895081604e-04,-6.136920732874306950e-04,-1.000000000000000000e+00
3.674288919984288748e-01,-1.975970290530405515e-01,-3.311957775694263084e-02,-7.598124418754026443e-02,-8.542181116882557879e-02,-7.333681629054572548e-02,-7.226849644422217445e-03,1.568613053756079401e-03,-8.121180693243190696e-03,1.048542425516862941e-02,-6.563135233677130920e-03,1.705416938166004481e-03,-1.333274722410160429e-02,-1.534443173724142628e-03,3.086403020655076324e-03,-5.270084190053370143e-03,-2.852738357905781896e-05,-4.650519531085084424e-03,-1.473672808186554661e-03,-1.878303741320475062e-03,1.854410475157580729e-03,2.149376944698300207e-03,-2.285086191283064450e-03,-1.229423930812711951e-03,3.857769849191505784e-05,-1.458911492230208218e-03,6.335228909893325655e-03,6.028903138031171949e-04,1.097581730555963198e-03,6.371473926430948342e-03,-4.675071283757326057e-04,-4.359722966601475846e-04,-1.000000000000000000e+00
3.769220059410610668e-01,-1.214372802416910369e-01,-3.335037751995223454e-02,-1.018027725275937878e-01,-8.968075884824776300e-02,-5.949035114191142393e-02,-9.160929155402397495e-03,-4.281641700670704709e-03,-1.138005591692320406e-02,1.570335312872872535e-03,-1.652719004008035286e-02,-1.856257221897805731e-03,-1.204262409567902203e-02,-8.639962109875276575e-03,1.544467967487278548e-03,4.930003532367943642e-04,-4.563665825854212876e-03,-1.036863255861719679e-03,-1.980468784894773293e-03,-2.012253761704996258e-03,-1.439377484289461329e-03,1.934185791242215569e-03,-2.478941615016855282e-03,1.362235161111446935e-03,7.085210404524311389e-03,3.215644837784026322e-03,5.823665206809935935e-03,1.160121453318563312e-04,7.767945487800742566e-04,5.262513319662764921e-03,7.253432830437445133e-04,8.664122044725885985e-04,-1.000000000000000000e+00
-3.882339305153090780e-01,-8.473172452001326294e-02,3.961115727210423598e-02,-1.314649159127549427e-01,-3.887259539495341309e-02,-4.585619132482277038e-02,-1.283334632358140714e-02,5.330782837577555111e-03,-3.617982804174185718e-02,2.425006156046916050e-02,-1.706687969079628830e-02,-3.639936616159356042e-03,-7.035621334843589203e-03,-3.046078711604782718e-03,1.076827650965128669e-02,-5.433319917688583800e-03,6.005075893275146903e-03,1.198547859746268429e-03,-5.149906371881840528e-05,-3.403849191407903874e-04,1.189768126700047057e-03,3.769054341987598811e-03,-8.126359708166164264e-03,2.177891632462847227e-03,1.256549395302786198e-03,1.811415982423181248e-03,5.374933476499976770e-03,5.334582513307206675e-04,2.675789833866959455e-05,2.456058165438756991e-03,4.987149439699134490e-04,-5.957583971532010025e-04,-1.000000000000000000e+00
-4.081350058974720363e-01,4.215803369420789704e-03,-1.895525273521375675e-02,-1.147488483958481464e-01,-3.698445894861371319e-02,-6.269512642898256161e-02,-5.415077931672368505e-02,-8.849726017120709831e-03,-1.015275811152421825e-02,1.992031564724794368e-02,-2.499787253093621597e-02,3.017370877996639056e-03,-1.326471975080867338e-02,5.392068833140029049e-03,-1.099156868007167276e-02,-5.140498698534723410e-03,5.835966616917653838e-03,2.178283998043817338e-03,-2.157393533624873960e-03,-1.953253264294074754e-04,8.524143849135412676e-04,1.118108970214637399e-03,-1.501139359674968921e-03,-6.015107043574885459e-04,2.957186748154261302e-03,6.544288600994763172e-04,4.377147463716257736e-03,7.512904358380478875e-04,-3.320801569679371346e-03,3.274344199222040119e-03,4.283307339796316171e-04,-6.166599393137017771e-04,-1.000000000000000000e+00
3.944513053735423935e-01,1.544412077697850383e-01,2.673056677163318517e-02,-1.077898446375137875e-01,-8.567644676355792854e-02,-1.952064404961190158e-02,-4.368389002346989569e-02,1.550927519191955262e-02,-6.927663453108801050e-03,1.194401945365664020e-02,-1.949255434204721915e-02,2.212004485030699685e-03,3.274611130485105548e-03,8.737897433599095542e-03,5.830875706106353196e-03,-6.946826080382884072e-03,1.609552754618381876e-03,9.604680278031407781e-04,-1.051749416910774393e-03,2.153840908868498438e-03,2.542000414232331584e-03,3.733260975826713235e-04,-4.069099560471634014e-03,-2.621959732138356980e-03,3.795649173303328183e-03,8.191664872371218209e-04,5.859500276970908139e-03,1.463378018858318974e-03,5.482250499331542404e-04,3.153394400942366449e-03,1.086732954839964016e-03,-1.489726618107645173e-03,-1.000000000000000000e+00
4.432761983342300427e-01,4.635625830205158948e-02,-1.187730896592040231e-02,-1.317392925833937856e-01,-7.053062494338341315e-02,-1.119473043002167101e-02,-2.971374259001385854e-02,-1.365195325357766720e-02,-1.464809659204491243e-02,2.989914276996463727e-03,-1.567000832421322487e-02,2.130484346050481870e-03,-4.783293683097822324e-03,-2.375725307965370625e-03,2.930201906679252843e-03,-3.657225560676380383e-03,1.353705003676697327e-02,4.708041344360924807e-03,-9.428721482445112656e-04,-5.807772073267547519e-03,9.820240899648113864e-04,2.715562581218244897e-03,-2.022025652370001980e-03,-6.734430959964288199e-04,4.548251927223856406e-04,-2.392144749442715046e-03,5.944136668358190878e-03,2.768494158194578780e-04,2.929802872742859332e-04,2.048929604983984465e-03,-1.254073539671995974e-03,-3.374648728342588555e-04,-1.000000000000000000e+00
3.994336634785584650e-01,1.392179189450813426e-01,2.174074941843101572e-02,-1.124699291964641468e-01,-8.619882336133316558e-02,-1.757374165935920995e-02,-4.300909118265011655e-02,1.238961838894123146e-02,-8.340318875406094179e-03,9.936412635505265101e-03,-1.934781288408443656e-02,3.299821665637997503e-03,3.600010670798514667e-03,9.060162886397049586e-03,6.009042874270287271e-03,-6.179530997351745381e-03,2.435659261967426659e-03,1.510058804870650917e-03,-1.122643728632577442e-03,7.483808331636421229e-04,2.333552733059379714e-03,1.558591788080043727e-04,-4.506274657827491481e-03,-3.478707667181557550e-03,3.733902980376402336e-03,9.458882005907165436e-04,5.860766304803782800e-03,2.353538516937148106e-03,5.943628186312610584e-04,3.202219351361917932e-03,1.263302051694781269e-03,-2.115305648874410416e-03,-1.000000000000000000e+00
-2.989513000513706054e-01,-1.488763454344001480e-01,7.072089824927771384e-02,-1.176016223149845830e-01,-5.490675813894119184e-02,-2.914847287390798236e-02,1.058091895678475725e-02,3.151379998250464221e-03,-2.386742267480790325e-02,2.553748773300168473e-02,-2.596814479574993673e-02,5.044086081271603739e-03,-1.324271659234144138e-02,-4.936629415672355581e-03,1.930822155553207908e-02,-7.370481202918388597e-03,5.914734159857437668e-03,2.304558728239425314e-03,9.094615278796291946e-04,-3.104661525787921761e-05,-7.787791656652387484e-04,-2.872691128968374308e-03,7.471646314736818395e-03,-4.607931646563478978e-03,6.277355108298743325e-03,-1.844420966086945946e-03,7.336345657730614089e-03,5.572134571916187440e-04,1.559138103722629287e-03,2.663241425508777738e-03,4.053555021982235829e-04,-6.064379150156895548e-04,-1.000000000000000000e+00
-3.482364767803116101e-01,9.125664234673092068e-02,-6.372096565536675139e-02,-7.078411470272166772e-02,-5.227098714974071081e-02,-5.099343746011292255e-02,-5.378310338509589839e-02,-1.136274072730200646e-02,9.143872654914564357e-03,1.471066510956553497e-02,-2.551277339527474597e-02,5.812768142192115128e-03,-1.284603745806323083e-02,-3.561128699748616899e-03,1.159917050378517223e-02,-9.503976041982997724e-03,5.524364966788986031e-03,3.875508053973963918e-03,-1.932698050375569743e-02,-5.464036507794034492e-04,4.580094042497429019e-03,5.503005500381241699e-03,-4.182540243951038406e-03,-5.299733350905277973e-04,5.609437395119820646e-03,-1.719415516870159699e-03,7.334669422722928100e-03,2.587979716676680475e-04,9.436327338586764091e-03,1.214535271476580025e-03,3.983189026206535033e-04,-6.139844970327601459e-04,-1.000000000000000000e+00
3.649206600797927913e-01,-2.203109263928273442e-01,-3.044312000110599437e-02,-6.583522904570587864e-02,-8.122424929136967675e-02,-7.376298028191008438e-02,-9.325869773537831531e-03,3.167172112920155214e-03,-7.496844437370753234e-03,1.363970665406721849e-02,-4.014689099269275196e-03,3.239718808078773105e-03,-1.209141198594976263e-02,7.649712572313505099e-04,3.515090071876114663e-03,-7.913498391137030463e-03,4.157518351999622830e-03,-2.981863762117509253e-03,-9.096021929934083872e-04,-1.874736182442937604e-03,3.862108656159213282e-03,1.787517965704865652e-03,-2.076794391630693015e-03,-8.255438533956160896e-04,-1.292705881996702999e-04,-1.592188684282236366e-03,6.347430955150390464e-03,7.880288580904837303e-04,8.758177569752889635e-04,4.868818880766595525e-03,4.364060219391729945e-04,-8.611894517019935691e-04,-1.000000000000000000e+00
3.983531122303146099e-01,-2.297592058291051398e-01,-3.803103146073946728e-02,-6.346497652110882903e-02,-5.801076894148084195e-02,-6.820201910295725645e-02,-9.303538949860357121e-03,1.026769773293136068e-02,-4.990925151997116505e-03,1.495410548708764331e-02,-9.064057392448088279e-03,4.062790057282328338e-04,-9.810048597161724615e-03,5.041121968618222926e-03,5.023738584863629564e-03,-6.470431672172149984e-03,1.250943040916774329e-02,-3.147479250195206468e-03,-1.367909512990372889e-03,-2.153148810958960269e-03,4.964012653405069919e-03,-1.346286366730675699e-03,-2.821477695377105910e-03,1.844902990893348971e-03,2.757533376575693751e-03,-2.035642452800967561e-03,6.067122724962681346e-03,8.171739722037107967e-04,3.360146308170330887e-04,2.193589671759560433e-03,1.768444864234663960e-03,-1.704123795723155865e-03,-1.000000000000000000e+00
3.936337622021420790e-01,-7.067085952572782492e-02,-3.064473537512545087e-02,-1.153155594975142639e-01,-8.689362064857256152e-02,-4.555982719514861667e-02,-1.391100409483336797e-02,-7.707121798973606830e-03,-1.342361947884640472e-02,-2.206254132973040072e-03,-2.092842768669361808e-02,-2.490191761037957585e-03,-9.278798188503190048e-03,-1.052197444879715560e-02,1.018223142035534767e-03,1.313743499900932310e-03,-1.133041735082218615e-03,3.529247692759640564e-03,-1.482926030510145488e-03,-2.885619506789893762e-03,-4.661491978382725776e-04,1.229166068090203900e-03,-2.369703292794234084e-03,3.024485244930430472e-03,9.252988081822788313e-03,4.102096225524154427e-03,5.561227105005533966e-03,-3.475879413924465311e-04,2.500671869986037521e-04,2.303121540866398531e-03,2.233629403507908506e-03,-3.582128825863062360e-04,-1.000000000000000000e+00
4.303041089938771657e-01,1.238410681967844207e-02,-1.965678068748677454e-02,-1.305021173925069999e-01,-7.651810803524337901e-02,-1.965382503639712120e-02,-2.502599792925153110e-02,-1.314110927978111298e-02,-1.536879525620027387e-02,-1.369582055042561919e-03,-1.969764376865346112e-02,2.685836456381984760e-04,-5.053488188896504418e-03,-6.780718557301390614e-03,1.751613257841483362e-03,-1.902720856338802058e-03,1.043012905193019257e-02,6.981911822163566761e-03,-5.744427589007283785e-04,-5.261390412900635027e-03,2.169718203164472392e-03,1.623176354083433193e-03,-1.977189576699539542e-03,1.296994906554271854e-03,2.987858498886497571e-03,-1.018181259217376677e-03,5.762222161485669458e-03,-6.174667699746505534e-04,8.024701851111482043e-05,9.421521148187395056e-04,4.556269489841557885e-04,-1.980540440405187397e-03,-1.000000000000000000e+00
3.084490605766743165e-01,2.924144298359837579e-01,5.272338085090912119e-02,-2.962594927305078896e-02,-5.024680784989399296e-02,-6.103231715381790545e-02,-1.500810032298655061e-02,3.707673555603779869e-03,-5.877183100613803113e-03,1.243377404432599587e-02,-2.401653654018875983e-02,-7.240893460823766281e-03,-5.439001906412443965e-03,-1.367948965688942087e-02,-1.555640100158489636e-03,-1.823326851522144576e-02,1.086782797411856016e-02,-3.586529651099124028e-03,-1.446300807507627795e-03,-5.155054432160466327e-03,-1.441457053402178667e-03,9.654539971411524313e-04,-5.010654362708699683e-03,-4.925237683262029265e-03,4.401688368969813858e-03,2.079512487642043439e-03,5.767099704050315800e-03,5.528048881587255270e-03,6.452154314490754494e-04,3.054178781761257566e-03,1.625106513377994055e-03,-6.311308510453805809e-04,-1.000000000000000000e+00
4.296637541946216055e-01,-1.630279045691015449e-01,-4.989653465617464867e-02,-9.582357069715596865e-02,-5.656416859874049963e-02,-6.018708473858597197e-02,-2.180637654502326495e-03,3.888184880325190607e-03,-4.745434420967475919e-03,9.491586573335264454e-03,-1.966513767613470298e-02,-9.231470693213728040e-03,-1.064687604057423798e-02,8.013251924660624859e-04,4.259352927947518408e-03,-9.653344674635522260e-04,5.994175436519810773e-03,-2.713820034099700962e-03,-2.360204143815769484e-03,2.941127284676214870e-03,-1.230278634462178555e-03,1.144321957733951400e-03,-3.809985910460333969e-03,-1.268998740345805842e-03,3.999319851459459674e-03,-1.252146919309415907e-03,5.642298016591856813e-03,2.055759280513769216e-03,-2.596936342774136541e-04,-9.201514971630964101e-04,-7.337136787947118322e-04,-2.990003845386723924e-04,-1.000000000000000000e+00
3.990399622398603796e-01,1.429083703474437472e-01,2.294939778114565843e-02,-1.115864980669081796e-01,-8.602918222701397277e-02,-1.778209046397016824e-02,-4.330101060304342164e-02,1.315452943516509654e-02,-8.010621225910397047e-03,1.042794051879680772e-02,-1.930996953788743919e-02,3.147903515781563799e-03,3.637970098627985038e-03,9.273907973695483253e-03,6.055592030237783030e-03,-6.310625978132311520e-03,2.180270022080654790e-03,1.362626677487654980e-03,-1.110384113174323062e-03,1.132270703751880880e-03,2.393499856569503148e-03,1.647701010906166275e-04,-4.480693805523822126e-03,-3.427706809114472453e-03,3.744048542302591542e-03,9.575240120006656142e-04,5.868131124189601699e-03,2.315981869656813519e-03,5.978623538753780053e-04,3.246197707769127305e-03,1.279577273110565905e-03,-2.054082305106064155e-03,-1.000000000000000000e+00
4.016955195399324330e-01,1.512173073225798747e-01,2.550460217933281371e-02,-1.097056329211331671e-01,-8.395878124665255571e-02,-1.792068305695915242e-02,-4.351851769526621228e-02,1.388344182271353255e-02,-7.195512545418503159e-03,1.204494785835585891e-02,-1.836226515916261626e-02,2.556906899535721367e-03,2.717621712053253091e-03,9.278759686631443682e-03,6.060857623496368474e-03,-6.190368747028274221e-03,2.180013829244042967e-03,1.050965259331959611e-03,-1.131928582590258081e-03,1.737534565722009816e-03,2.155497934709205143e-03,6.494798289787273582e-04,-4.051241529227006533e-03,-2.850418838339197070e-03,3.642237748442467282e-03,8.570380068968486142e-04,5.932125271446375692e-03,2.214689165926597703e-03,5.810626840926924608e-04,3.285555802314626961e-03,1.160709880321020293e-03,-1.611915679593955986e-03,-1.000000000000000000e+00
3.621243497825125668e-01,2.150778432393506412e-01,4.401139242423809939e-02,-8.001133997847043045e-02,-7.676390381394719575e-02,-3.500945623754719849e-02,-3.853409698596893529e-02,2.098672057616557396e-02,-2.049542197124110121e-03,1.893129979138596930e-02,-2.043027461565644076e-02,-5.835796923684327675e-03,-4.035892997974355190e-03,-4.199591515446909895e-03,1.597715418397260834e-03,-1.150607281365839674e-02,4.179765807642010778e-03,-6.306698906749508282e-04,-7.200729638570102509e-04,2.534276391503165193e-03,1.794802306767345756e-03,2.572854303683036470e-03,-7.956191900900522196e-04,3.214722954977322633e-03,3.312834549573595577e-03,-1.064487320763474187e-03,5.522565804153112268e-03,-4.887480253713383238e-03,2.438149197142580604e-05,1.480373842449506094e-03,-1.590101607241489745e-03,2.840336333100101918e-03,-1.000000000000000000e+00
-2.212978009495950582e-01,-2.481635176936322629e-01,1.090042739846088099e-01,-8.725158543777156162e-02,-6.204068381385455244e-02,3.321864448973144146e-03,3.545783122642692797e-02,-1.777443677528800503e-03,1.986758763648593940e-02,9.517141363270975596e-03,-2.566099628366447227e-02,9.943992519293065602e-03,-1.670407992786027140e-02,1.518146307262602246e-03,1.773360790454925340e-03,-6.872313746350500185e-03,6.151508720314113887e-03,9.630620067131445694e-04,4.784164086062747678e-03,-9.797968679766677624e-04,4.031614262400839976e-03,8.279556491592288126e-03,-5.056943706214928058e-03,-2.004346033261827920e-03,9.869751761591216699e-03,-5.084736934459543889e-03,3.923120936345225740e-03,7.740161494016462029e-04,-7.741575994346105993e-04,4.030172280418131692e-03,3.755604180558647087e-04,-6.589193160595474552e-04,-1.000000000000000000e+00
4.571767189685300714e-01,1.607773374068677263e-02,-2.249043800042678509e-02,-1.332566430793912238e-01,-6.069314609965312246e-02,-1.193360809499094399e-02,-2.394817450500297262e-02,-1.867321934990287535e-02,-1.428004409529559648e-02,4.368971792683251643e-03,-1.560251936789053273e-02,-6.996010482121783891e-04,-7.126369311318825339e-03,-5.573143526537038817e-03,1.889610363029647910e-03,-5.274956992475987594e-03,1.328683806103003739e-02,4.475700515238045796e-03,-5.866088691244275566e-04,-1.853839789939581983e-03,2.586695749971029690e-03,2.444813606387929994e-03,-1.753456554340004914e-03,-7.137549137137266797e-05,3.825591568997754877e-04,-2.405339677362450246e-03,6.031594221875852257e-03,-4.166196452144443896e-04,4.046708412519250952e-04,2.684131386701094080e-03,-4.539851030251895736e-04,-7.369150875632390907e-04,-1.000000000000000000e+00
1.131848529821001259e-01,-3.125548430553596324e-01,6.474403691675180428e-02,-1.548757895670471729e-02,-9.222788951129830270e-02,-2.638013938133748626e-02,-2.448128653634767948e-02,-3.060140165694132108e-02,1.120121275391294802e-03,3.531865865680250405e-02,-2.337011721089765626e-02,-8.689496866313095591e-03,8.007517567972577410e-03,-4.053021077394247662e-03,1.540013426922393069e-03,3.839682693250023870e-03,7.518766294031031805e-03,-3.246721233189420186e-03,-3.461767685864591826e-03,-3.470718040872178278e-04,3.515705558918558182e-04,-1.040348515184252864e-03,-3.317069390194937739e-03,1.440212354962999708e-03,2.659368047610133345e-03,-5.131254472566793012e-04,6.250831227717523753e-03,8.871938477437169013e-04,8.889530961154190614e-04,4.847173088240064320e-03,-4.192250174486211733e-04,-9.172044193741513141e-04,-1.000000000000000000e+00
-3.814782703131975872e-01,2.688653413180963625e-02,-3.056520735183007598e-02,-1.035821761050751966e-01,-4.276356725388780200e-02,-6.153480241937131501e-02,-5.622594649169398995e-02,-1.078714666254113053e-02,-4.648310846149805720e-03,1.992340180637897085e-02,-2.850473200313025091e-02,5.948104363788508930e-03,-1.525775336419843420e-02,3.375998596371609928e-03,-5.126125329877384562e-03,-6.942987266794986567e-03,5.647751251503518866e-03,3.266381843766263948e-03,-1.018499774601877572e-02,-2.173117209555153195e-04,2.230421566660145682e-03,2.130831018199497162e-03,-1.263711405858125580e-03,-8.550684445609024742e-04,3.742951606848787804e-03,-1.112713281987698366e-04,3.912151256120544041e-03,7.421416271942149478e-04,1.444610093664921990e-05,2.792911799527036942e-03,4.371882427536277760e-04,-6.257192067564698590e-04,-1.000000000000000000e+00
3.508346333152814744e-01,2.448568573978207596e-01,5.084883816337054663e-02,-6.396937261510460271e-02,-6.773213566383844142e-02,-4.381861189762314979e-02,-3.254037758628669508e-02,1.846857292703718567e-02,-1.175617670798656533e-03,2.014041304901514895e-02,-2.035187258607340510e-02,-8.887501068854664066e-03,-7.762916828905286337e-03,-1.074109309080123476e-02,-4.311140028436244442e-04,-1.310613245416719641e-02,7.176461867901440250e-03,-8.922158283760639463e-04,-6.849567916352716779e-04,-1.241130701411519155e-04,1.048692102487258637e-03,2.320523855036393801e-03,-1.422764680752641731e-03,1.927504311750205535e-03,3.161739852027001252e-03,-8.781913411560759997e-04,5.353657289808966269e-03,-3.575488267437532119e-03,8.709699282663518893e-05,1.560617808999659184e-03,-1.421044837951690454e-03,2.016371720259035882e-03,-1.000000000000000000e+00
-3.325098302091448743e-01,-1.143594550163737344e-01,5.508453716757724661e-02,-1.247510988200344340e-01,-4.922753324797263241e-02,-3.896732914201483933e-02,-1.194016301426514826e-03,4.050454370967696005e-03,-3.394501577055913932e-02,2.809244580587200169e-02,-2.515194440974233281e-02,2.689504479544552185e-03,-1.218415700097141841e-02,-4.942008553125265546e-03,1.925728997147924115e-02,-6.990380014923081031e-03,5.917230650761662325e-03,2.177229031473382204e-03,1.638734562278143514e-04,3.076536970181287245e-06,-6.678448662159330862e-04,-1.649172975199120206e-03,2.709094318303184590e-03,-2.139126152224668509e-03,3.642258533877840154e-03,7.987233418538242091e-05,6.604044837219213981e-03,5.646302619840004589e-04,6.030668277804129840e-04,2.498034683885957952e-03,5.348571094037080087e-04,-5.659043656600637462e-04,-1.000000000000000000e+00
