6.442149168999998787e-01,1.961680360000000123e+00,-1.589807378333464749e+00,-1.000000000000000000e+00
2.128345955999999817e-01,8.171075236000000658e-03,-5.897605435210522690e-02,-1.000000000000000000e+00
1.159606808999999927e+01,8.600729289999999028e-02,1.412335954866952736e+00,1.000000000000000000e+00
8.760211216000000078e-01,1.087812323999999969e-01,-4.365653610081273728e-01,-1.000000000000000000e+00
1.442881440000000071e+00,5.279620921000000022e-01,-1.234331157926964684e+00,-1.000000000000000000e+00
1.126206480999999981e-01,5.797451881000000862e-01,3.613620866020076372e-01,1.000000000000000000e+00
1.133373159999999880e+00,3.376655880999999693e-01,-8.748726931481579649e-01,-1.000000000000000000e+00
9.004200490000000001e-02,2.361765604000000129e-01,-2.062319616781159715e-01,1.000000000000000000e+00
9.336197375999999437e-01,5.699678760000000122e-02,-3.262309791640117806e-01,-1.000000000000000000e+00
1.046733609999999759e+00,2.740731903999999997e-01,-7.574716100179720302e-01,-1.000000000000000000e+00
2.527146090000000262e-04,3.777580960000000154e-02,4.369553513283125183e-03,1.000000000000000000e+00
6.042747240000000825e-02,7.808549956000000458e-01,3.071973101933710981e-01,1.000000000000000000e+00
8.645952160000000162e-04,1.661778809999999718e+00,-5.360533572651463713e-02,-1.000000000000000000e+00
1.068047760999999984e-01,7.015737600000000462e-01,3.871212429057210858e-01,1.000000000000000000e+00
1.658171290000000075e+00,2.927520999999999943e-02,3.115872678102265536e-01,-1.000000000000000000e+00
3.521591648999999880e-01,3.064600359999999579e+00,1.469167862110956735e+00,1.000000000000000000e+00
5.668208640000000492e-02,1.864590249999999783e+00,-4.597583401116234203e-01,1.000000000000000000e+00
6.117586225000000780e-03,2.806630090000000077e+00,-1.853094793973288357e-01,1.000000000000000000e+00
2.302806250000000166e+00,2.116000000000000103e-01,-9.871917772145391012e-01,-1.000000000000000000e+00
1.946044995999999996e-03,3.129395480999999646e-01,3.489969746661154837e-02,1.000000000000000000e+00
1.122540250000000128e+00,6.111330624999999558e-03,-1.171342358802084649e-01,1.000000000000000000e+00
6.392961935999999686e-03,7.998976969000000103e-01,-1.011307621742837115e-01,1.000000000000000000e+00
1.722393760000000107e+00,4.835116225000000156e-01,1.290579250942363254e+00,-1.000000000000000000e+00
7.239797569000000488e-01,5.251888890000000476e-02,-2.757629867059033235e-01,-1.000000000000000000e+00
5.547419361000001208e-03,1.142974809999999897e+00,-1.126104843265430255e-01,1.000000000000000000e+00
6.066369000000000788e+00,2.515395999999999604e-02,-5.524367894542143720e-01,-1.000000000000000000e+00
3.800550250000000130e+00,4.444222224999999638e-01,-1.837960276408568516e+00,-1.000000000000000000e+00
1.963553344000000256e-01,1.475010249999999745e+00,-7.610862380600211807e-01,1.000000000000000000e+00
8.275978239999999542e-02,2.518568999999999836e+00,-6.456565997484817743e-01,1.000000000000000000e+00
2.384564223999999788e-01,1.315609000000000028e+00,7.921053154944002195e-01,1.000000000000000000e+00
6.537737609999998145e-02,2.447478783999999796e-01,1.788908834783587420e-01,1.000000000000000000e+00
3.704855040000000488e-02,1.047347560000000177e+00,2.785774896253357946e-01,-1.000000000000000000e+00
1.462890250000000059e+00,8.901868960000000608e-02,-5.103421853690255361e-01,-1.000000000000000000e+00
5.588968810000000786e+00,2.893400999999999959e-02,-5.687025223053404632e-01,-1.000000000000000000e+00
3.702844201000000113e-01,1.095162250000000004e+00,9.005792787496958995e-01,1.000000000000000000e+00
1.454194810000000032e-02,5.166015625000000000e-01,-1.225756346934732954e-01,1.000000000000000000e+00
4.291526560000000212e-02,8.162219024999999295e-01,2.646823746845445302e-01,1.000000000000000000e+00
9.621255743999999055e-01,1.967543449000000166e-01,-6.153086820492755793e-01,-1.000000000000000000e+00
2.164389528999999812e-01,9.377598243999998168e-03,-6.371306843416409127e-02,1.000000000000000000e+00
7.086609124000000648e-01,1.075380848999999972e-01,-3.904050137049540625e-01,-1.000000000000000000e+00
3.950751025000000527e-01,4.593306240000000207e-02,1.905098912698178215e-01,-1.000000000000000000e+00
6.428351328999999392e-01,3.114198025000000647e-01,-6.327583901107582953e-01,-1.000000000000000000e+00
1.029318889000000042e-01,8.384149224999999372e-01,4.154506749419770162e-01,1.000000000000000000e+00
5.096389320999999972e-01,1.727233600000000202e-01,4.195868175696750857e-01,-1.000000000000000000e+00
1.284368889999999874e+00,1.118094759999999743e+00,-1.694724830653056902e+00,-1.000000000000000000e+00
2.109381184000000131e-01,3.266122499999999929e-01,-3.712006828156176885e-01,-1.000000000000000000e+00
1.238546410000000098e+00,1.884601743999999917e-03,6.832520361200454528e-02,-1.000000000000000000e+00
6.530069159999998818e-02,1.218374439999999836e+00,3.989002220098722962e-01,1.000000000000000000e+00
6.712524900000000905e-01,1.690525456000000204e-01,-4.763967719765502262e-01,-1.000000000000000000e+00
4.476011409000000274e-01,3.529548099999999522e-01,-5.621084871128396721e-01,-1.000000000000000000e+00
2.707670250000000056e+00,1.189008324000000172e-01,-8.024266279102609811e-01,-1.000000000000000000e+00
8.268628623999999330e-03,2.495136159999999589e-02,-2.031322439858007645e-02,1.000000000000000000e+00
6.739215999999999263e-02,9.398139136000000990e-03,3.559103528574503184e-02,-1.000000000000000000e+00
5.716881000000000046e-02,3.922391641000000373e-01,-2.117727378440941999e-01,1.000000000000000000e+00
3.684854208999999714e-01,9.167105025000000795e-01,8.219421577667895829e-01,1.000000000000000000e+00
4.217683690000000041e-02,2.859819209999999945e+00,-4.911580771679457391e-01,1.000000000000000000e+00
1.045940280999999861e-01,4.610002608999999585e-01,-3.105410576483629281e-01,1.000000000000000000e+00
2.022031089000000115e-01,3.963206115999999835e-01,4.003430024033626244e-01,1.000000000000000000e+00
2.503601295999999515e-03,1.638400000000000079e+00,9.057483495283222275e-02,1.000000000000000000e+00
2.459564890000000226e+00,9.396006489000000572e-01,2.149887795516620681e+00,-1.000000000000000000e+00
9.261945120999999226e-01,4.515571204000000116e-01,-9.145815729765814917e-01,-1.000000000000000000e+00
1.070140368999999841e-01,1.121904639999999898e+00,-4.900194782725299514e-01,1.000000000000000000e+00
2.014128640000000026e+00,6.147424359999999893e-02,4.976284450412711835e-01,-1.000000000000000000e+00
7.280526275999999603e-03,2.084652963999999824e-03,5.509513713703466722e-03,-1.000000000000000000e+00
7.694447523999998761e-01,1.366561000000000137e+00,1.450167707739002720e+00,1.000000000000000000e+00
2.068131610000000009e+00,1.891450090000000236e-02,-2.797058354724243356e-01,-1.000000000000000000e+00
5.708860248999999554e-01,2.204334089999999691e+00,-1.586457390661128786e+00,1.000000000000000000e+00
1.531078641000000184e-01,6.020052920999999779e-01,-4.293524064223411818e-01,1.000000000000000000e+00
1.037953439999999894e+00,2.274667239999999868e+00,-2.173015732392798771e+00,1.000000000000000000e+00
8.155173635999999338e-01,3.112401639999999858e+00,2.253094574098973180e+00,1.000000000000000000e+00
4.160250000000000337e-01,8.140179610000000676e-02,-2.602505801050307710e-01,-1.000000000000000000e+00
1.266932835999999840e-01,2.670719040999999794e-01,2.601392568903559410e-01,1.000000000000000000e+00
4.504581759999999768e+00,2.564308321000000057e-01,1.519943189056276900e+00,-1.000000000000000000e+00
2.294619039999999721e+00,1.072881640000000081e+00,2.218943279496087495e+00,1.000000000000000000e+00
3.010716899999999474e-01,3.891638688999999873e-01,4.840789681377645759e-01,1.000000000000000000e+00
8.991780625000000970e-01,1.506604225000000019e-01,5.205200222834496238e-01,-1.000000000000000000e+00
1.231656039999999841e+00,9.412880399999998607e-03,-1.522723284018315248e-01,-1.000000000000000000e+00
1.756685159999999746e+00,7.865220249999999025e-02,5.256751029544101117e-01,-1.000000000000000000e+00
1.141051240000000133e+00,1.098304000000000169e+00,1.583174747838633545e+00,1.000000000000000000e+00
3.280445440000000212e-02,2.777888890000000277e+00,-4.269124721070388651e-01,1.000000000000000000e+00
1.103036944000000130e-01,1.293121599999999816e-01,-1.689000235573927255e-01,-1.000000000000000000e+00
2.179756959999999744e+00,3.947985889000000803e-01,1.311918421208387420e+00,-1.000000000000000000e+00
1.394499649000000008e-01,6.029522499999999570e-03,-4.100772368685587366e-02,-1.000000000000000000e+00
1.169858559999999770e+00,9.815062410000001403e-02,4.792125786594656489e-01,-1.000000000000000000e+00
3.760387684000000008e-01,8.215790881000001322e-01,7.860605427475916285e-01,1.000000000000000000e+00
5.314555801000000468e-01,5.758080160000000197e-02,-2.473929599521822176e-01,-1.000000000000000000e+00
8.207816409000000535e-01,2.911249936000000482e-01,6.913031895688173112e-01,-1.000000000000000000e+00
1.994308839999999750e+00,4.433695396000000288e-01,-1.329823892258678031e+00,-1.000000000000000000e+00
5.740335225000000596e-01,8.940269808999999901e-01,-1.013115449547648872e+00,1.000000000000000000e+00
3.613800999999999843e-06,3.958110249999999275e-02,5.348611554330758890e-04,1.000000000000000000e+00
5.191562250000000128e-02,7.528987210000001595e-02,-8.841629462963129793e-02,-1.000000000000000000e+00
7.620360250000000890e-02,1.119575610000000054e+00,4.130755251842817000e-01,1.000000000000000000e+00
1.354681635999999967e-01,1.083472809999999953e+00,-5.418045254171133251e-01,1.000000000000000000e+00
9.872792409999998908e-02,1.855044000000000359e+00,-6.052183791560867832e-01,1.000000000000000000e+00
3.116637159999999934e-02,5.770833156000000352e-01,-1.896607131598406770e-01,1.000000000000000000e+00
3.301651600000000131e-01,2.341108225000000098e-01,3.931799515958159796e-01,1.000000000000000000e+00
4.169763999999998916e+00,4.025239690000000092e-02,5.793841480526225052e-01,-1.000000000000000000e+00
2.074752159999999623e+00,1.542812410000000023e+00,-2.530198956652343956e+00,-1.000000000000000000e+00
4.286320899999999101e-01,1.797505609000000226e-01,3.925477260085435960e-01,-1.000000000000000000e+00
6.670339290000000532e-02,2.252546520999999802e-01,1.733507978728630605e-01,1.000000000000000000e+00
7.254099240999999434e-03,7.264664289000000164e-01,-1.026631342838846966e-01,1.000000000000000000e+00
4.611496464000000017e-01,7.201898495999998762e-01,8.150034288073998434e-01,1.000000000000000000e+00
3.519000809999999646e+00,9.477162250000001342e-02,8.167024137867039402e-01,-1.000000000000000000e+00
1.002201210000000176e+00,7.792828729000000898e-01,1.249798574293198961e+00,1.000000000000000000e+00
8.455905936000001066e-01,1.236988840000000200e+00,-1.446365187283056741e+00,-1.000000000000000000e+00
4.929732089999999900e+00,1.628203200999999711e-01,1.267012673102397846e+00,-1.000000000000000000e+00
1.013042249999999811e+00,5.470453209999999455e-02,-3.329204177691155730e-01,-1.000000000000000000e+00
1.486936360000000068e+00,1.692861209999999783e+00,-2.243736564564831504e+00,-1.000000000000000000e+00
1.425397209999999859e+00,4.098176289000000083e-01,-1.080881959182292462e+00,-1.000000000000000000e+00
1.060076160000000156e+00,2.167461135999999844e-01,-6.778899435749313751e-01,-1.000000000000000000e+00
1.640331000999999955e-01,3.709475999999999551e+00,1.103156242811096588e+00,1.000000000000000000e+00
1.416242688999999888e-01,1.257908088999999952e-01,1.887592717977165380e-01,1.000000000000000000e+00
9.598843239999999000e-02,1.430125489000000083e-01,-1.656958079278974816e-01,-1.000000000000000000e+00
4.441556249999999650e+00,1.648656000000000121e+00,-3.826904326188466765e+00,-1.000000000000000000e+00
5.489476280999999735e-01,9.509565288999999311e-01,1.021787973080388268e+00,1.000000000000000000e+00
1.621189695999999958e-01,1.490352639999999868e-02,-6.951466526387647948e-02,-1.000000000000000000e+00
5.430805636000000103e-01,2.704520025000000105e-01,5.419911917078517050e-01,-1.000000000000000000e+00
5.081123523999999669e-01,3.862622500000000847e-01,-6.265215407163858830e-01,-1.000000000000000000e+00
5.204785960000000600e+00,2.132184040000000350e-02,4.711170036313289677e-01,-1.000000000000000000e+00
4.304540880999999097e-01,3.875779689999999528e-02,1.826661004201628469e-01,-1.000000000000000000e+00
8.047704681000000804e-01,2.170612889999999628e-02,-1.869141595251250232e-01,-1.000000000000000000e+00
2.327150250000000309e+00,1.552266810000000108e+00,2.687883217313655315e+00,1.000000000000000000e+00
8.375544323999999374e-01,3.669906489999999466e-02,-2.479413820721755313e-01,-1.000000000000000000e+00
9.461775999999999520e-02,7.747696441000000434e-01,3.829019933109234497e-01,1.000000000000000000e+00
4.640334400000000192e-01,1.519549289999999830e+00,1.187536680939378586e+00,-1.000000000000000000e+00
8.009713009000001271e-01,6.530256100000000341e-01,1.022794967100167263e+00,1.000000000000000000e+00
6.112267290000000103e-02,3.633196175999999777e-01,2.107466068278105731e-01,1.000000000000000000e+00
7.965205504000001380e-01,1.183526409999999945e-02,-1.373100948587638315e-01,-1.000000000000000000e+00
1.267502403999999916e-01,1.059567601000000192e-01,1.638904805940853415e-01,1.000000000000000000e+00
5.804611344000000679e-03,8.354508409000000553e-05,9.848317042462108577e-04,-1.000000000000000000e+00
5.577626889999999504e-02,2.518251610000000085e+00,-5.300163751380101429e-01,1.000000000000000000e+00
1.492795239999999968e+00,1.491581640999999969e+01,-6.673269024632813462e+00,1.000000000000000000e+00
1.175706490000000048e+00,1.118032969000000015e-01,5.127335794908051136e-01,-1.000000000000000000e+00
5.508878410000001224e+00,9.074658120999998800e-01,-3.161998994335958990e+00,-1.000000000000000000e+00
1.876626009999999622e+00,1.732119210000000020e+00,-2.549721538484801986e+00,-1.000000000000000000e+00
1.614110975999999975e-01,9.005400810000001310e-02,-1.705034679453781288e-01,-1.000000000000000000e+00
1.436881690000000322e+00,4.585185795999999758e-01,1.147899779207268267e+00,-1.000000000000000000e+00
1.256416809999999842e-02,9.703826063999999585e-01,-1.561540917691607300e-01,1.000000000000000000e+00
3.015779560000000220e-02,4.245248160000000132e-02,-5.060184310488227699e-02,-1.000000000000000000e+00
1.379215360000000334e+00,6.504540159999999682e-02,4.235837980473015629e-01,-1.000000000000000000e+00
6.229516809999998905e+00,7.469799184000001091e-01,-3.050679910579026100e+00,-1.000000000000000000e+00
1.056167290000000092e+00,2.663750410000000457e+00,-2.372073376506759868e+00,1.000000000000000000e+00
6.957461290000001242e+00,4.890204900000000299e-01,-2.608578589650629276e+00,-1.000000000000000000e+00
8.024189290000001418e-02,8.129911690000000135e+00,-1.142242971626823644e+00,1.000000000000000000e+00
7.072978201000000853e-01,5.599848959999999265e-02,-2.814519839083481356e-01,-1.000000000000000000e+00
6.616358280999999897e-01,5.535657603999999572e-03,-8.558725843138803580e-02,-1.000000000000000000e+00
1.551178224999999744e-01,6.227021160000000694e-02,-1.389907883998521831e-01,1.000000000000000000e+00
7.938869759999999439e-04,6.683776090000000071e-04,1.030161423113019155e-03,1.000000000000000000e+00
2.103370089999999859e+00,2.922159248999999792e-01,-1.108727411275058250e+00,-1.000000000000000000e+00
1.192804369000000086e-01,2.952074888999999813e-01,2.653770082435322752e-01,1.000000000000000000e+00
1.865409639999999758e+00,4.238530815999999590e-01,-1.257505168466791279e+00,-1.000000000000000000e+00
4.111374399999999651e-01,7.425785929000000042e-03,-7.814113662901356339e-02,-1.000000000000000000e+00
9.933311555999999598e-01,1.111126810000000020e+00,-1.485743502893713819e+00,-1.000000000000000000e+00
2.100180640000000043e+00,2.318615289999999621e-02,3.120740599173851826e-01,-1.000000000000000000e+00
7.826410088999998793e-01,2.775889209999999885e+00,-2.084478223397415952e+00,1.000000000000000000e+00
3.980024999999999557e-04,3.595574440000000482e+00,-5.349855355158866788e-02,1.000000000000000000e+00
4.399934224000000005e-01,2.327455360000000084e+00,1.431128959478931373e+00,1.000000000000000000e+00
1.034695840000000058e-04,4.113811321000000465e-01,-9.226639106829317982e-03,1.000000000000000000e+00
2.040326559999999789e-02,2.134532400999999691e-01,-9.332891460786277293e-02,1.000000000000000000e+00
4.988968960000000202e-02,9.608312484000000042e-01,-3.096306597889055823e-01,1.000000000000000000e+00
9.155236488999999311e-01,2.065702500000000108e-01,-6.150121121314363615e-01,-1.000000000000000000e+00
4.528809609999999708e+00,5.896155240000000575e-02,7.307881295281670742e-01,-1.000000000000000000e+00
5.879515684000000686e-01,1.258435239999999844e+00,1.216469459614856419e+00,1.000000000000000000e+00
4.333891239999999812e+00,1.454659600000000053e-01,-1.122883475488165361e+00,-1.000000000000000000e+00
1.019461041000000179e-01,5.152799088999999721e-01,-3.241320077787996357e-01,1.000000000000000000e+00
6.229629183999999542e-01,9.841632025000000006e-01,-1.107336607189783217e+00,-1.000000000000000000e+00
4.983795216000000416e-01,2.615401880999999786e-03,-5.105805985825392218e-02,-1.000000000000000000e+00
9.553303080999999697e-01,1.107358729000000042e-01,4.599768158837561627e-01,-1.000000000000000000e+00
3.983616810000000008e+00,1.201873690000000196e-02,3.094448007312687321e-01,-1.000000000000000000e+00
9.436762449000000164e-01,1.526230489000000023e-01,5.367061499016777537e-01,-1.000000000000000000e+00
4.546703290000000258e-02,7.412693409000000733e-01,-2.596278779733086628e-01,1.000000000000000000e+00
1.546292250000000035e+00,1.740024809999999755e+00,-2.319735708442116184e+00,-1.000000000000000000e+00
3.044390976000000415e-01,2.094387840000000001e+00,-1.129259530873229611e+00,1.000000000000000000e+00
3.054883441000000310e-01,1.005607839999999920e+00,-7.838385979977993134e-01,1.000000000000000000e+00
1.922104960000000501e-02,5.096532099999999676e-01,-1.399719231003790920e-01,1.000000000000000000e+00
2.210692323999999820e-01,2.036329000000000278e+00,9.488621490436424111e-01,1.000000000000000000e+00
2.452230399999999755e-01,3.610447569000000412e-01,-4.208004107960898188e-01,-1.000000000000000000e+00
4.262261795999999769e-01,3.687768528999999518e-01,-5.606823505987649225e-01,-1.000000000000000000e+00
2.878112249999999900e-02,1.121057439999999961e+00,2.540287051109633709e-01,1.000000000000000000e+00
2.055262224999999665e-01,8.115127055999999950e-01,-5.775588989751999636e-01,1.000000000000000000e+00
2.801902488999999385e-01,1.177442009999999817e+00,8.122903050599782349e-01,1.000000000000000000e+00
7.694973841000001258e-01,2.201365690000000264e+00,-1.840622253425450605e+00,1.000000000000000000e+00
4.417995024000000437e-01,1.239214239999999911e+00,-1.046407410714387476e+00,1.000000000000000000e+00
7.802895556000000177e-01,4.388187040000000927e+00,2.616889953869394603e+00,1.000000000000000000e+00
1.491890624999999970e-01,7.291110543999999027e-01,4.664234013518672173e-01,1.000000000000000000e+00
2.086114275999999823e-01,3.073371843999999631e-01,3.580895105759130392e-01,1.000000000000000000e+00
1.624493025000000035e-01,2.908389160000000029e+00,9.720759131267073805e-01,1.000000000000000000e+00
4.513555489000000698e-01,9.882944568999999513e-01,-9.445339454661511036e-01,1.000000000000000000e+00
1.246937343999999920e-01,4.665299809000000297e-01,3.410963662309572930e-01,1.000000000000000000e+00
2.277080999999999911e+00,9.259849000000000552e-02,6.493908872284704925e-01,-1.000000000000000000e+00
1.611884160000000232e+00,1.230546490000000021e-02,1.991732108178506377e-01,1.000000000000000000e+00
1.255922720999999853e-01,1.469035583999999950e-01,-1.920934755739040767e-01,-1.000000000000000000e+00
1.286409640000000243e+00,2.794915239999999912e+00,2.681568909321151217e+00,1.000000000000000000e+00
8.162038336000000394e-01,2.131668899999999978e-01,-5.898942834349042430e-01,-1.000000000000000000e+00
1.066469289999999980e-02,3.088103289999999737e-02,2.566463451184514480e-02,1.000000000000000000e+00
9.718182760000000642e-02,1.465068159999999731e+00,-5.336253392547419816e-01,1.000000000000000000e+00
2.419656099999999976e-01,1.327564839999999746e+00,8.015298326639531679e-01,1.000000000000000000e+00
4.268531556000000338e-01,2.711950240000000178e+00,1.521581097263092097e+00,1.000000000000000000e+00
1.865682809999999803e+00,3.186602499999999782e-01,1.090430145085234059e+00,-1.000000000000000000e+00
8.607769209999999172e-02,4.447822863999999488e-01,2.767158567927512913e-01,1.000000000000000000e+00
4.256381610000000038e+00,4.088451481000000554e-01,-1.865583538580123157e+00,-1.000000000000000000e+00
2.849210884000000221e-01,5.683932810000000280e-02,1.799706822022782149e-01,-1.000000000000000000e+00
4.554360196000000194e-01,1.670111688999999788e-01,3.900330806292187646e-01,-1.000000000000000000e+00
1.010413368999999867e-01,6.453124089999999480e-02,1.141956466101222145e-01,1.000000000000000000e+00
1.925433759999999772e+00,3.758916099999999871e-01,-1.203124595372194516e+00,-1.000000000000000000e+00
3.301852409999999960e+00,1.462164640000000000e-04,3.107362817696312368e-02,-1.000000000000000000e+00
4.503752100000000258e-01,4.010807289999999803e+00,-1.900719955965781471e+00,1.000000000000000000e+00
3.203899609000000481e-01,6.974087120999999945e-01,6.684949513661840870e-01,1.000000000000000000e+00
2.229350656000000097e-01,1.781958009999999870e+00,-8.913595524318966845e-01,1.000000000000000000e+00
1.478169639999999951e+00,3.054455290000000420e-02,-3.004996864030109460e-01,-1.000000000000000000e+00
2.146224999999999869e-02,1.165320249999999724e+00,-2.236532786952272478e-01,1.000000000000000000e+00
9.425691395999998834e-01,1.300740250000000264e+00,-1.565910353938301913e+00,-1.000000000000000000e+00
1.895035023999999957e-01,6.189598276000000121e-01,4.843450323376924938e-01,1.000000000000000000e+00
9.503520195999999309e-01,1.909602601000000011e-01,6.024607354000363069e-01,-1.000000000000000000e+00
2.040040889999999774e+00,2.705038089999999951e+00,3.322164448851832486e+00,1.000000000000000000e+00
4.350193936000000261e-01,7.009785759999999713e-04,-2.469571926703539519e-02,-1.000000000000000000e+00
5.146545960000000614e-02,3.984016000000000002e+00,-6.403736635648809017e-01,1.000000000000000000e+00
1.575276010000000240e-02,2.003547120999999986e-01,-7.944985480938109024e-02,1.000000000000000000e+00
4.580884089999999631e+00,4.112015625000000063e-01,-1.940961975639600379e+00,-1.000000000000000000e+00
1.142760999999999916e+00,8.649480999999999753e+00,4.446187030938081541e+00,1.000000000000000000e+00
9.115666576000001076e-01,2.048333440000000075e-02,-1.932455674809184787e-01,-1.000000000000000000e+00
2.377455610000000163e+00,6.516277290000000555e+00,5.566356079056764550e+00,1.000000000000000000e+00
1.125720999999999972e+00,1.907505625000000260e-01,-6.553348975418027411e-01,-1.000000000000000000e+00
7.403397849000000752e-01,2.148862809999999790e+00,-1.783753699665405090e+00,1.000000000000000000e+00
2.810316959999999753e+00,1.350243999999999923e-02,-2.754855209748142131e-01,-1.000000000000000000e+00
4.937591823999999407e-01,6.437655224999999648e-01,7.973269568337806312e-01,1.000000000000000000e+00
1.674446400000000057e-01,1.364268096000000041e-01,-2.137472246361133699e-01,-1.000000000000000000e+00
1.896404409999999929e+00,9.247680999999999263e-02,5.922388543598471333e-01,-1.000000000000000000e+00
2.594998809999999878e+00,2.605898304000000554e-01,-1.162953395270938550e+00,-1.000000000000000000e+00
2.637051209999999646e+00,1.183744000000000129e+00,-2.498637047484184137e+00,-1.000000000000000000e+00
1.562750009999999863e-04,5.338410250000000246e-02,-4.084752298872382226e-03,1.000000000000000000e+00
3.676239423999999589e-01,6.342338560000000847e+00,-2.159442291640477851e+00,1.000000000000000000e+00
3.637657969000000491e-01,1.654567689999999688e-02,1.097155535261835346e-01,-1.000000000000000000e+00
4.677703839999999502e+00,2.125472410000000048e-02,-4.459222007048103120e-01,-1.000000000000000000e+00
5.430953025000000434e-01,1.219478490000000193e+00,-1.150906633414538582e+00,1.000000000000000000e+00
1.118729289999999900e-04,3.789141135999999910e-01,-9.207630718906002071e-03,1.000000000000000000e+00
1.811353599999999953e-01,1.552017640000000087e+00,-7.498336801554734699e-01,1.000000000000000000e+00
8.050934529000000062e-01,4.003599075999999535e-01,-8.029036560041421522e-01,-1.000000000000000000e+00
4.611326759999999358e-02,1.875409635999999991e-01,-1.315152207194943690e-01,1.000000000000000000e+00
4.393303523999999571e-01,1.860223209999999794e+00,-1.278477624670810719e+00,1.000000000000000000e+00
7.041592960000000012e+00,1.242110250000000082e+00,4.182447798106712078e+00,-1.000000000000000000e+00
3.860046089999999541e+00,5.601175281000000394e-01,2.079461215932083995e+00,-1.000000000000000000e+00
6.112268761000000383e-01,1.749079683999999746e-01,-4.624033977602878820e-01,-1.000000000000000000e+00
3.068827608999999401e-01,3.769468815999999986e-03,4.809958414332776711e-02,-1.000000000000000000e+00
3.209472249999999888e-02,2.421136000000000177e+00,-3.942224956918617962e-01,1.000000000000000000e+00
3.623197249000000616e-03,2.179395855999999854e-01,3.974010837917078820e-02,1.000000000000000000e+00
4.488598008999999389e-01,1.250371240000000217e+00,1.059472874440385182e+00,1.000000000000000000e+00
1.246125690000000175e+00,3.653449960000000107e+00,-3.017501566622782683e+00,1.000000000000000000e+00
3.902600250000000381e-02,8.054243999999999293e-02,-7.928744496824324806e-02,1.000000000000000000e+00
2.862525610000000303e-02,1.742400000000000171e+00,-3.158374462556332585e-01,1.000000000000000000e+00
2.030583844000000138e-01,6.464642408999999867e-01,-5.123865422306218553e-01,1.000000000000000000e+00
2.720769921000000258e-01,3.022729959999999938e+00,1.282509473998031169e+00,1.000000000000000000e+00
9.021580324000000317e-01,5.436112899999999692e-01,-9.903769906220820651e-01,-1.000000000000000000e+00
7.163652249999999388e-02,2.167961759999999849e+00,5.573243963785895483e-01,1.000000000000000000e+00
3.247518168999999899e-01,2.383685328999999853e-01,-3.934732879143448270e-01,-1.000000000000000000e+00
5.461101610000000661e-02,5.104388025000000662e-01,-2.361168425224775547e-01,1.000000000000000000e+00
2.087941635999999990e-01,2.122266240000000165e-02,-9.413998135939023737e-02,-1.000000000000000000e+00
6.116178435999999330e-01,2.776555689999999466e+00,1.842927564367688120e+00,1.000000000000000000e+00
8.311057224999999216e-01,2.635487569000000141e-01,6.618714074763335509e-01,-1.000000000000000000e+00
7.220070840999999184e-01,6.111278410000000466e-02,-2.970651882980361869e-01,-1.000000000000000000e+00
2.663282448999999735e-05,1.539832809999999830e+00,-9.056500093598356810e-03,1.000000000000000000e+00
1.920630624999999647e-01,7.090987264000000456e-01,5.219035792313243549e-01,1.000000000000000000e+00
2.297952809999999957e+00,2.214267135999999914e-01,1.008789510974599013e+00,-1.000000000000000000e+00
7.286760360000001102e-02,1.315609000000000028e+00,4.378704719539613377e-01,1.000000000000000000e+00
7.584493921000000638e-01,3.775637609999999977e+00,-2.393169467503042380e+00,1.000000000000000000e+00
8.536330890000000338e+00,3.754257984000000659e-01,2.531702525884442778e+00,-1.000000000000000000e+00
2.986731800999999683e-03,6.402080169000000653e-01,6.184059578190326256e-02,1.000000000000000000e+00
2.464626025000000043e-03,1.990638810000000092e+00,-9.905735931773097802e-02,1.000000000000000000e+00
2.020946560000000058e+00,2.557760489999999720e+00,3.215306288231158494e+00,1.000000000000000000e+00
1.935560025000000184e-01,1.455883560000000021e-02,7.507263176139077065e-02,-1.000000000000000000e+00
1.165752090000000241e+00,2.308418116000000020e-01,-7.336270501175461423e-01,-1.000000000000000000e+00
1.530663839999999928e-02,2.216823209999999739e-02,2.605076247337005310e-02,1.000000000000000000e+00
7.217691849000000825e-01,3.179802239999999447e+00,-2.142467395741645575e+00,1.000000000000000000e+00
1.858859559999999744e+00,1.951888410000000018e+00,2.693802676879544666e+00,1.000000000000000000e+00
9.319392368999999121e-01,2.860833960000000453e-02,2.309165831022105542e-01,-1.000000000000000000e+00
3.283344000000000040e+00,6.269947489000000651e-01,-2.029107905870125350e+00,-1.000000000000000000e+00
1.924878759999999911e+00,1.389052899999999868e-01,-7.312671774018583148e-01,-1.000000000000000000e+00
3.207680999999999560e+00,1.390276810000000030e+00,-2.986491087606862660e+00,-1.000000000000000000e+00
3.687168039999999536e-02,1.200120249999999889e+00,-2.974910092744589285e-01,1.000000000000000000e+00
2.048047210000000007e+00,5.736983040000000200e-02,4.847599840929389670e-01,-1.000000000000000000e+00
9.686411290000000382e-04,9.766775929000000023e-01,4.349827781086645917e-02,1.000000000000000000e+00
3.931099289999999691e+00,5.471560899999999969e-05,2.074090121917645385e-02,-1.000000000000000000e+00
3.766890625000000048e-01,7.313328324000001324e-01,7.422736409333497987e-01,1.000000000000000000e+00
8.494202895999999198e-03,8.379022368999998818e-03,1.193089402118789784e-02,1.000000000000000000e+00
3.574368360000000244e+00,2.218127408999999994e-01,-1.259238216476801453e+00,-1.000000000000000000e+00
3.697612863999999444e-01,6.403680528999999844e-01,-6.881617760523571770e-01,1.000000000000000000e+00
1.796149161000000216e-01,1.337492250000000160e+00,-6.931573533738935033e-01,1.000000000000000000e+00
2.811993610000000296e-02,9.327696399999999555e-01,-2.290389603225617687e-01,1.000000000000000000e+00
2.609194089999999910e+00,1.105862560000000272e+00,2.402253132334005503e+00,-1.000000000000000000e+00
6.611478720999998913e-03,1.676507039999999948e+00,-1.488905008425097376e-01,1.000000000000000000e+00
2.033761209999999764e+00,4.041526329000000306e-01,-1.282146596697421259e+00,-1.000000000000000000e+00
3.710393569000000093e-03,4.490608144000000634e-01,-5.772681106452465238e-02,1.000000000000000000e+00
2.350088999999999650e+00,1.732973640999999898e-01,-9.025123036284933287e-01,-1.000000000000000000e+00
5.281723239999999819e+00,4.002400359999999679e-04,-6.502241305457122367e-02,-1.000000000000000000e+00
1.249834609000000096e-01,3.704085160000000432e+00,9.622363355903064130e-01,1.000000000000000000e+00
7.239627395999999049e-01,7.444928656000000533e-01,-1.038253432060237014e+00,-1.000000000000000000e+00
4.620872528999999673e-01,9.948346810000001372e-02,-3.032162346685737808e-01,-1.000000000000000000e+00
3.245011224999999611e-01,7.954656159999998977e+00,-2.272133294074773158e+00,1.000000000000000000e+00
1.275061264000000028e-01,2.789635489000000246e-01,-2.667191838883584687e-01,1.000000000000000000e+00
3.884446810000000472e+00,2.628937960000000268e-02,-4.519285269245549852e-01,-1.000000000000000000e+00
5.258766240000000813e+00,1.373517720999999914e-01,-1.201915855726725990e+00,-1.000000000000000000e+00
5.325479290000000532e+00,5.458297690000000341e-02,-7.624703444298649435e-01,-1.000000000000000000e+00
2.531599209999999989e+00,9.652276516000000139e-01,-2.210687476899761084e+00,-1.000000000000000000e+00
2.607634225000000638e-01,1.004404839999999854e+00,7.237569255681979286e-01,1.000000000000000000e+00
2.206556675999999939e-01,9.396781968999998735e-01,-6.439647814378264279e-01,1.000000000000000000e+00
9.532397955999999395e-01,1.003603240000000119e+00,1.383238625372424924e+00,1.000000000000000000e+00
3.203742010000000529e-02,2.388879360000000229e+00,-3.912378601938701905e-01,1.000000000000000000e+00
2.073709444000000068e-01,9.729060496000000446e-01,-6.352203496709236674e-01,1.000000000000000000e+00
1.451762404000000173e-01,7.626004928999999821e-01,4.705559955763158886e-01,1.000000000000000000e+00
2.350088999999999650e+00,2.117607040000000218e+00,-3.154858161954848139e+00,-1.000000000000000000e+00
1.207581209999999960e-02,3.166976160000000567e-02,2.765639493257917095e-02,1.000000000000000000e+00
6.629595039999999773e-02,2.412381455999999813e-01,-1.788469297208402087e-01,1.000000000000000000e+00
1.178093159999999903e-02,9.422584900000000596e-01,-1.490012269762184538e-01,1.000000000000000000e+00
3.317862249999999680e+00,7.901254320999999692e-01,2.289771754533419745e+00,-1.000000000000000000e+00
4.454227599999999732e-01,2.872316835999999540e-01,-5.058448957310111016e-01,-1.000000000000000000e+00
1.671590409999999860e+00,9.658420839999999619e-02,-5.682415622231120622e-01,-1.000000000000000000e+00
1.365859690000000182e+00,6.514104100000001063e-01,1.333967931147801878e+00,-1.000000000000000000e+00
1.226330360999999952e-01,3.143732761000000431e-01,-2.776780485268742771e-01,1.000000000000000000e+00
1.219920250000000150e+00,3.495030250000000227e-02,-2.920156905489005861e-01,-1.000000000000000000e+00
1.372702500000000103e-01,7.933108624000000386e-01,4.666861480896205561e-01,1.000000000000000000e+00
1.345136039999999866e+00,1.749799840000000259e-02,2.169663028016209916e-01,-1.000000000000000000e+00
1.655596889999999988e+00,2.513117161000000266e-01,-9.122180612065549088e-01,-1.000000000000000000e+00
3.695237289999999675e+00,8.752538024999999555e-01,2.543332651940085842e+00,-1.000000000000000000e+00
5.902234276000001278e-01,5.541015844000000794e-03,8.087567451133360896e-02,-1.000000000000000000e+00
2.171791690000000052e+00,1.174622440000000267e+00,-2.258776329820872064e+00,-1.000000000000000000e+00
2.470984680999999683e-01,9.858972010000000008e-02,2.207322758778959282e-01,-1.000000000000000000e+00
7.873367824000000459e-01,6.450820488999999686e-03,1.007865888662698578e-01,-1.000000000000000000e+00
1.870603289999999808e+00,1.180266025000000218e-01,6.645012429544767674e-01,-1.000000000000000000e+00
2.365460496000000024e-01,4.838871844000000033e-01,4.784591976791475187e-01,1.000000000000000000e+00
1.719926783999999875e-01,5.349898449000000111e-01,-4.289856322562600743e-01,1.000000000000000000e+00
1.832774439999999672e+00,3.760387684000000076e-05,1.174047906324609571e-02,-1.000000000000000000e+00
1.676820601000000299e-01,2.234726010000000207e-02,-8.657060252947917922e-02,-1.000000000000000000e+00
1.936828889999999914e+00,1.682468409999999803e+00,-2.552901652238238839e+00,-1.000000000000000000e+00
1.185485439999999890e+00,2.854444329000000447e-01,8.226666629103273065e-01,-1.000000000000000000e+00
3.656379023999999922e-01,4.533066810000001112e+00,-1.820692747196769545e+00,1.000000000000000000e+00
1.445284839999999793e+00,6.074020096000001256e-01,-1.325042577625650919e+00,-1.000000000000000000e+00
1.220362090000000066e+00,9.842651289999999886e-02,-4.901346447539818296e-01,-1.000000000000000000e+00
1.232922768999999974e-01,9.500573290000000060e-02,1.530586366579438917e-01,1.000000000000000000e+00
2.517932040999999455e-01,1.018888360000000035e-02,7.163088227637494365e-02,-1.000000000000000000e+00
8.229392655999999695e-01,8.694816515999999051e-01,1.196269695194506877e+00,1.000000000000000000e+00
1.465552359999999776e+00,1.180197316000000107e-01,5.881566052896908259e-01,-1.000000000000000000e+00
3.779135999999999829e+00,3.337026289000000201e-01,1.588148367231871916e+00,-1.000000000000000000e+00
3.057951689999999917e-02,3.862011039999999756e-02,-4.860008886116702620e-02,-1.000000000000000000e+00
1.950105599999999995e-01,9.884336399999998912e-01,6.208945122309238451e-01,1.000000000000000000e+00
3.777580959999999877e+00,3.488303289999999945e-02,5.133682516675404095e-01,-1.000000000000000000e+00
2.184483999999999870e+00,1.427786010000000161e+00,-2.497589115234466028e+00,-1.000000000000000000e+00
6.563331609999999150e-02,1.271030759999999926e+00,-4.084653318065150085e-01,1.000000000000000000e+00
2.121392249999999535e+00,7.765139560000000607e-02,-5.739844402551764757e-01,-1.000000000000000000e+00
2.209979559999999843e+00,2.725801000000000140e+00,3.471012674891164718e+00,1.000000000000000000e+00
1.380155040000000222e+00,7.346810250000000764e+00,4.503273741282260545e+00,1.000000000000000000e+00
1.278934809999999977e+00,4.074013583999999862e-03,-1.020822980637726418e-01,-1.000000000000000000e+00
1.907505624999999766e-03,4.299162624000000266e-01,-4.049858488409135288e-02,1.000000000000000000e+00
2.198390769000000133e-01,9.503325224999999987e-01,6.464057928181777823e-01,1.000000000000000000e+00
2.664729760000000169e+00,2.416470250000000292e-02,3.588659969774133374e-01,-1.000000000000000000e+00
2.170023610000000325e+00,6.199602010000000440e+00,-5.187153889042325439e+00,1.000000000000000000e+00
3.042846243999999811e-01,3.319027320999999864e-01,4.494282994524985697e-01,1.000000000000000000e+00
3.640464000000000200e-02,3.007102810000000126e+00,4.679155805079339703e-01,1.000000000000000000e+00
8.373165025000000039e-01,1.867536224999999939e-01,5.592349953658217743e-01,-1.000000000000000000e+00
6.305120999999999643e-02,6.469467489000000349e-01,-2.856248424899737737e-01,1.000000000000000000e+00
6.549179329000001104e-01,1.566001960000000179e-02,-1.432203034880563663e-01,-1.000000000000000000e+00
3.906000003999999803e-01,6.479123049000000689e-01,7.114415598671544050e-01,1.000000000000000000e+00
3.926738559999999989e+00,1.926543999999999812e+00,3.889738966135553255e+00,-1.000000000000000000e+00
3.800106025000000720e-01,5.618252024999999261e-03,-6.534516565159347035e-02,-1.000000000000000000e+00
1.681949610000000109e-02,1.716859225000000044e-01,-7.599566703324148187e-02,1.000000000000000000e+00
2.726791690000000129e-02,1.914072249999999809e+00,3.230874898648848359e-01,1.000000000000000000e+00
1.033475559999999849e+00,2.635179556000000201e-01,-7.380235317844074938e-01,-1.000000000000000000e+00
9.077516176000001158e-01,3.497184768999999638e-01,-7.968155534508388760e-01,-1.000000000000000000e+00
2.459961603999999691e-01,2.626344360000000044e+00,1.136723914104208033e+00,1.000000000000000000e+00
5.342107690000000643e-06,5.714604024999999643e-01,2.470952452284643115e-03,1.000000000000000000e+00
5.969571169000000843e-01,1.578075624999999982e-01,4.340607043606148907e-01,-1.000000000000000000e+00
5.560237489000000588e-01,3.379910769000000759e-01,6.130759588708176722e-01,1.000000000000000000e+00
2.629023075999999668e-05,1.496952250000000095e+00,-8.871890451217397111e-03,1.000000000000000000e+00
1.064198560000000127e+00,2.583892224000000071e-01,-7.415894260270972094e-01,-1.000000000000000000e+00
3.161995239999999927e-04,1.201870223999999959e-01,8.718151096861918165e-03,1.000000000000000000e+00
4.717629224999999593e-01,7.211066724000000372e-01,-8.248531883986072177e-01,1.000000000000000000e+00
4.567623839999999547e+00,5.342148100000000156e-03,2.209113986120712081e-01,-1.000000000000000000e+00
2.125180839999999891e-02,1.333332090000000081e+00,2.380576321408392204e-01,1.000000000000000000e+00
7.876740000999998825e-03,3.978581775999999737e-01,7.916849654031433980e-02,1.000000000000000000e+00
1.341890560000000177e+00,7.405807248999999315e-01,1.409807280206246682e+00,-1.000000000000000000e+00
9.989392360000000359e-02,5.293726563999999746e-01,-3.252110443830303343e-01,1.000000000000000000e+00
1.635585209999999901e+00,1.957200999999999733e-02,-2.530284177161613024e-01,-1.000000000000000000e+00
2.841103204000000604e-01,1.221013249000000161e-01,2.634017712112183274e-01,-1.000000000000000000e+00
3.739969209999999961e-02,1.604022249999999872e+00,-3.463811145878170628e-01,1.000000000000000000e+00
5.208941928999999416e-01,7.520878728999998986e-01,-8.851646237216251878e-01,-1.000000000000000000e+00
1.444323239999999897e+00,1.337950083999999984e-01,-6.216803680801176180e-01,-1.000000000000000000e+00
1.411354624000000224e-01,4.978290249000000278e-01,3.748635208323227719e-01,1.000000000000000000e+00
2.574099360000000019e-04,3.887023716000000406e-01,1.414608444740835143e-02,1.000000000000000000e+00
2.058938010000000318e+00,4.924530624999999828e-01,1.424029724775544015e+00,-1.000000000000000000e+00
3.672205690000000106e-02,1.068505344000000024e-01,-8.858635791172597695e-02,1.000000000000000000e+00
7.259380803999999632e-01,2.015650816000000289e-01,5.409690719669164594e-01,-1.000000000000000000e+00
2.001309695999999860e-01,9.728271423999999001e-01,6.240077551789068311e-01,1.000000000000000000e+00
3.504384000000000388e+00,3.534778115999999692e-01,-1.573989826730817665e+00,-1.000000000000000000e+00
1.324110490000000168e-02,2.942254090000000044e+00,2.791368662435832482e-01,1.000000000000000000e+00
2.118208575999999954e-01,5.464314241000000072e-01,4.811352676170212450e-01,1.000000000000000000e+00
2.832489000000000187e-02,3.308320324000000312e-01,-1.368998241504088831e-01,1.000000000000000000e+00
1.299818809000000130e-01,3.366900625000000535e-01,2.958499876764864034e-01,1.000000000000000000e+00
3.509627559999999757e+00,1.125267025000000198e-01,-8.887370998556558543e-01,-1.000000000000000000e+00
1.052881210000000012e+00,1.002228963999999833e-01,-4.593970057180099542e-01,-1.000000000000000000e+00
2.174740089999999820e-02,1.030224999999999724e+00,2.116823851538077172e-01,1.000000000000000000e+00
2.827105960000000024e-06,2.353462809999999905e+00,3.647873006777881035e-03,1.000000000000000000e+00
